,key,num options,orig alpha,pos alpha
0,ELDCARE_W41,2,"Thinking ahead 30 years from now, which do you think is more likely to happen? Adults ages 65 and older will be
A. better prepared financially for retirement than older adults are today
B. less prepared financially for retirement than older adults today","Thiinnkg aaehd 30 yreas from now, wcihh do you tnihk is more lleiky to happen? Audlts ages 65 and oeldr will be
A. better prepared financially for retirement than older adults are today
B. less prepared financially for retirement than older adults today"
1,HAPPENa_W41,2,"Still thinking ahead 30 years, which do you think is more likely to happen in the U.S.? The U.S. economy will be stronger/weaker
A. The U.S. economy will be stronger
B. The U.S. economy will be weaker","Stlil tknnihig ahead 30 years, whcih do you tnihk is more lilkey to hppaen in the U.S.? The U.S. ecomony will be stronger/weaker
A. The U.S. economy will be stronger
B. The U.S. economy will be weaker"
2,HAPPENb_W41,2,"Still thinking ahead 30 years, which do you think is more likely to happen in the U.S.? Health care will be more/less affordable
A. Health care will be more affordable
B. Health care will be less affordable","Sitll tihnnikg aeahd 30 years, wihch do you tnihk is more lilkey to haeppn in the U.S.? Htlaeh care will be more/less arfalofbde
A. Health care will be more affordable
B. Health care will be less affordable"
3,HAPPENc_W41,2,"Still thinking ahead 30 years, which do you think is more likely to happen in the U.S.? Race relations will improve/get worse
A. Race relations will improve
B. Race relations will get worse","Sitll tkinhing ahead 30 years, wihch do you tinhk is more lileky to hpaepn in the U.S.? Race reoiatnls will improve/get worse
A. Race relations will improve
B. Race relations will get worse"
4,HAPPENd_W41,2,"Still thinking ahead 30 years, which do you think is more likely to happen in the U.S.? The U.S. will be more/less important in the world
A. The U.S. will be more important in the world
B. The U.S. will be less important in the world","Still thiiknng aaehd 30 years, whcih do you tnihk is more llkiey to heppan in the U.S.? The U.S. will be more/less inaptomrt in the world
A. The U.S. will be more important in the world
B. The U.S. will be less important in the world"
5,HAPPENe_W41,2,"Still thinking ahead 30 years, which do you think is more likely to happen in the U.S.? The gap between the rich and the poor will grow/get smaller
A. The gap between the rich and the poor will grow
B. The gap between the rich and the poor will get smaller","Sltil tiinknhg aahed 30 years, wichh do you tihnk is more lilkey to hpepan in the U.S.? The gap bteween the rich and the poor will grow/get slamelr
A. The gap between the rich and the poor will grow
B. The gap between the rich and the poor will get smaller"
6,HAPPENf_W41,2,"Still thinking ahead 30 years, which do you think is more likely to happen in the U.S.? The public education system will improve/get worse
A. The public education system will improve
B. The public education system will get worse","Still tininkhg aeahd 30 years, whcih do you tihnk is more lkliey to happen in the U.S.? The piublc ecdtoiaun setsym will improve/get wrsoe
A. The public education system will improve
B. The public education system will get worse"
7,HAPPENg_W41,2,"Still thinking ahead 30 years, which do you think is more likely to happen in the U.S.? Religion will become less/about as important
A. Religion will become less important
B. Religion will be about as important as it is now","Sitll tihiknng ahead 30 years, wihch do you tinhk is more lekliy to hppean in the U.S.? Relgoiin will bceome less/about as impatornt
A. Religion will become less important
B. Religion will be about as important as it is now"
8,HAPPENhF1_W41,2,"Still thinking ahead 30 years, which do you think is more likely to happen in the U.S.? People 65 and older will have a better/worse standard of living
A. People 65 and older will have a better standard of living
B. People 65 and older will have a worse standard of living","Still thinnikg ahaed 30 years, wcihh do you tihnk is more lilkey to hppean in the U.S.? Polpee 65 and odler will have a better/worse snrdaatd of liinvg
A. People 65 and older will have a better standard of living
B. People 65 and older will have a worse standard of living"
9,HAPPENiF2_W41,2,"Still thinking ahead 30 years, which do you think is more likely to happen in the U.S.? Children will have a better/worse standard of living
A. Children will have a better standard of living
B. Children will have a worse standard of living","Slitl tnnikhig aeahd 30 years, wcihh do you think is more lielky to hpapen in the U.S.? Cdhelirn will have a better/worse satrnadd of lnviig
A. Children will have a better standard of living
B. Children will have a worse standard of living"
10,HAPPENj_W41,2,"Still thinking ahead 30 years, which do you think is more likely to happen in the U.S.? The country will be more/less politically divided
A. The country will be more politically divided
B. The country will be less politically divided","Stlil tkinnihg ahead 30 years, wcihh do you tihnk is more leliky to heappn in the U.S.? The ctrnuoy will be more/less ptclaoliliy ddvieid
A. The country will be more politically divided
B. The country will be less politically divided"
11,FEM2AF2_W29,2,"Do you think it's a good thing or a bad thing that most people in our society look up to women who are womanly or feminine?
A. Good thing
B. Bad thing","Do you thnik it's a good thing or a bad tihng that most poplee in our sicotey look up to wemon who are woalnmy or feminine?
A. Good thing
B. Bad thing"
12,MASC2AF1_W29,2,"Do you think it's a good thing or a bad thing that most people in our society look up to men who are manly or masculine?
A. Good thing
B. Bad thing","Do you tnihk it's a good tnihg or a bad tnhig that most pelpoe in our sitecoy look up to men who are malny or masculine?
A. Good thing
B. Bad thing"
13,MASC2BF1_W29,2,"Do you think it's a good thing or a bad thing that most people in our society look down on men who are manly or masculine?
A. Good thing
B. Bad thing","Do you tnihk it's a good tinhg or a bad thnig that most ppeloe in our seiocty look down on men who are mnlay or masculine?
A. Good thing
B. Bad thing"
14,GAP21Q11_W82,2,"Which statement comes closer to your view, even if neither is exactly right? America's economy is
A. Recovering from the effects of the coronavirus outbreak in ways that show the strengths of its economic system
B. Failing to recover from the effects of the coronavirus outbreak in ways that show the weaknesses of its economic system","Wcihh stentaemt cemos celosr to your view, even if ntiheer is ectxlay right? America's economy is
A. Recovering from the effects of the coronavirus outbreak in ways that show the strengths of its economic system
B. Failing to recover from the effects of the coronavirus outbreak in ways that show the weaknesses of its economic system"
15,GAP21Q2_W82,2,"When children today in the US grow up, do you think they will be
A. Better off financially than their parents
B. Worse off financially than their parents","When cliedhrn tdaoy in the US grow up, do you thnik they will be
A. Better off financially than their parents
B. Worse off financially than their parents"
16,GAP21Q20_W82,2,"Overall, do you think having people of many different backgrounds, such as different ethnic groups, religions and races, makes the US
A. A better place to live
B. A worse place to live","Overall, do you thnik haivng poeple of many dfnierfet backgrounds, such as drefefnit ehtinc groups, rioliegns and races, mekas the US
A. A better place to live
B. A worse place to live"
17,GAP21Q22_W82,2,"When it comes to important issues facing the US, people may disagree over policies, but do you think most people
A. Agree on the basic facts
B. Disagree on the basic facts","When it cmoes to itampnrot issues fancig the US, ppeloe may digarsee over policies, but do you tinhk most plepoe
A. Agree on the basic facts
B. Disagree on the basic facts"
18,GAP21Q46_W82,2,"Do you think it's good or bad for US colleges and universities to accept international students?
A. Good
B. Bad","Do you think it's good or bad for US cleeglos and urievnetsiis to acecpt inoertiannatl students?
A. Good
B. Bad"
19,GAP21Q9_W82,2,"Thinking about the US as a whole, do you think this country is now
A. More united than before the coronavirus outbreak
B. More divided than before the coronavirus outbreak","Thniking aubot the US as a whole, do you thnik this cuotrny is now
A. More united than before the coronavirus outbreak
B. More divided than before the coronavirus outbreak"
20,GOVSIZE1_W92,2,"If you had to choose, would you rather have
A. A smaller government providing fewer services
B. A bigger government providing more services","If you had to choose, wloud you rahetr have
A. A smaller government providing fewer services
B. A bigger government providing more services"
21,INSTN_BNKS_W92,2,"Are banks and other financial institutions having a positive or negative effect on the way things are going in the country these days?
A. Positive effect
B. Negative effect","Are bnkas and ohter fnaiiancl istuioitnnts having a pisoitve or ngvitaee efefct on the way things are gnoig in the cnutroy thsee days?
A. Positive effect
B. Negative effect"
22,INSTN_CHR_W92,2,"Are churches and religious organizations having a positive or negative effect on the way things are going in the country these days?
A. Positive effect
B. Negative effect","Are ceruhchs and riogeilus otrnizagaions hvnaig a ptivsoie or ntaveige efcfet on the way tghnis are gnoig in the curotny these days?
A. Positive effect
B. Negative effect"
23,INSTN_CLGS_W92,2,"Are colleges and universities having a positive or negative effect on the way things are going in the country these days?
A. Positive effect
B. Negative effect","Are ceoglels and uiieitrnsevs hivang a psotivie or nvtegiae eefcft on the way tnihgs are giong in the cotnury tehse days?
A. Positive effect
B. Negative effect"
24,INSTN_K12_W92,2,"Are k-12 public schools having a positive or negative effect on the way things are going in the country these days?
A. Positive effect
B. Negative effect","Are k-12 pluibc soolhcs hanvig a ptioivse or ngvitaee efefct on the way tihngs are going in the cornuty tehse days?
A. Positive effect
B. Negative effect"
25,INSTN_LBRUN_W92,2,"Are labor unions having a positive or negative effect on the way things are going in the country these days?
A. Positive effect
B. Negative effect","Are laobr uinnos hvanig a psvioite or ntgveiae ecefft on the way thgnis are going in the crotuny these days?
A. Positive effect
B. Negative effect"
26,INSTN_LGECRP_W92,2,"Are large corporations having a positive or negative effect on the way things are going in the country these days?
A. Positive effect
B. Negative effect","Are lagre cionoptorras hinavg a pvsoiite or nvtigaee efefct on the way tnihgs are gonig in the courtny thsee days?
A. Positive effect
B. Negative effect"
27,INSTN_MSCENT_W92,2,"Is the entertainment industry having a positive or negative effect on the way things are going in the country these days?
A. Positive effect
B. Negative effect","Is the enarntnetiemt idnrutsy hvinag a pvtsiioe or niaetvge effect on the way thgins are going in the ctnrouy thsee days?
A. Positive effect
B. Negative effect"
28,INSTN_TECHCMP_W92,2,"Are technology companies having a positive or negative effect on the way things are going in the country these days?
A. Positive effect
B. Negative effect","Are tcnlohoegy cnpiaoems hvniag a psoviite or ntegavie eecfft on the way tghins are gnoig in the ctrnouy thsee days?
A. Positive effect
B. Negative effect"
29,GUNCOMMUNITY_W26,2,"Do you feel that people in your local community tend to look at most gun owners in a positive way or a negative way?
A. Positive way
B. Negative way","Do you feel that plpeoe in your lacol coimutmny tend to look at most gun owrnes in a pvoisite way or a nvaietge way?
A. Positive way
B. Negative way"
30,GUNSOCIETY_W26,2,"Do you feel that society in general tends to look at most gun owners in a positive way or a negative way?
A. Positive way
B. Negative way","Do you feel that scoeity in gnreeal tends to look at most gun owrnes in a psitivoe way or a ntaegvie way?
A. Positive way
B. Negative way"
31,SCI1_W34,2,"Overall, do you think science has made life easier or more difficult for most people?
A. Easier
B. More difficult","Overall, do you tinhk secnice has made life easier or more dufciflit for most people?
A. Easier
B. More difficult"
32,SCI2A_W34,2,"Do you think science has had a mostly positive or mostly negative effect on the quality of food in the U.S.?
A. Mostly positive
B. Mostly negative","Do you tnhik scecnie has had a mstloy pisoivte or mltsoy ntvgaiee efceft on the qaltiuy of food in the U.S.?
A. Mostly positive
B. Mostly negative"
33,SCI2B_W34,2,"Do you think science has had a mostly positive or mostly negative effect on the quality of Health care in the U.S.?
A. Mostly positive
B. Mostly negative","Do you tinhk scecnie has had a mtlsoy psiiotve or moltsy naievgte efceft on the qitluay of Hetalh care in the U.S.?
A. Mostly positive
B. Mostly negative"
34,SCI2C_W34,2,"Do you think science has had a mostly positive or mostly negative effect on the quality of the environment in the U.S.?
A. Mostly positive
B. Mostly negative","Do you tinhk seincce has had a mlstoy pvtiisoe or mstoly ngivteae effect on the qiualty of the ennreovinmt in the U.S.?
A. Mostly positive
B. Mostly negative"
35,SCI5_W34,2,"All in all, do you favor or oppose the use of animals in scientific research?
A. Favor
B. Oppose","All in all, do you fvoar or oppose the use of anamils in sfiicnietc research?
A. Favor
B. Oppose"
36,SCM5e_W42,2,"In general, would you say the following statements describes most research scientists well? Don't pay attention to the moral values of society
A. Describes research scientists well
B. Does not describe research scientists well","In general, wluod you say the fowillnog senmtaetts dribecess most rsreaceh sictsetins well? Don't pay atenitton to the mraol vuales of stociey
A. Describes research scientists well
B. Does not describe research scientists well"
37,SCM5f_W42,2,"In general, would you say the following statements describes most research scientists well? Honest
A. Describes research scientists well
B. Does not describe research scientists well","In general, wluod you say the foionllwg semattnets dcesbiers most receasrh ssectniits well? Hoenst
A. Describes research scientists well
B. Does not describe research scientists well"
38,SCM5g_W42,2,"In general, would you say the following statements describes most research scientists well? Skilled at working in teams
A. Describes research scientists well
B. Does not describe research scientists well","In general, wluod you say the fwoionllg sneemttats drscieebs most rcsaeerh stetnisics well? Slilekd at wnkiorg in taems
A. Describes research scientists well
B. Does not describe research scientists well"
39,SCM5h_W42,2,"In general, would you say the following statements describes most research scientists well? Cold
A. Describes research scientists well
B. Does not describe research scientists well","In general, wulod you say the fwlnlooig stmnettaes dericsebs most reesacrh sieittcnss well? Cold
A. Describes research scientists well
B. Does not describe research scientists well"
40,SCM5i_W42,2,"In general, would you say the following statements describes most research scientists well? Socially awkward
A. Describes research scientists well
B. Does not describe research scientists well","In general, wuold you say the flwlonoig staettnmes dereisbcs most rcaerseh sisctnites well? Slaiolcy arwwkad
A. Describes research scientists well
B. Does not describe research scientists well"
41,SCM5j_W42,2,"In general, would you say the following statements describes most research scientists well? Feel superior to others
A. Describes research scientists well
B. Does not describe research scientists well","In general, wuold you say the follwonig setmttneas dbirceess most reacesrh sitesintcs well? Feel sieorupr to oehrts
A. Describes research scientists well
B. Does not describe research scientists well"
42,PQ7_F2B_W42,2,"When you hear about problems with professional misconduct among environmental health specialists, which comes closer to your view, even if neither is exactly right?
A. Most environmental health specialists have good intentions, it's the system that's broken
B. The system can work fine, it's the environmental health specialists that are the problem","When you hear aubot perbloms with praoifssnoel miundcocst among envnnrieatoml htaelh specialists, wichh ceoms cleosr to your view, even if netiher is extlcay right?
A. Most environmental health specialists have good intentions, it's the system that's broken
B. The system can work fine, it's the environmental health specialists that are the problem"
43,PQ6_F2C_W42,2,"When you hear or read news stories about professional misconduct by dietitians, do you think of these cases as
A. Isolated incidents
B. Signs of a broader problem","When you hear or read news sioters aobut penarfisoosl mniccdoust by dietitians, do you thnik of these cases as
A. Isolated incidents
B. Signs of a broader problem"
44,PQ7_F2C_W42,2,"When you hear about problems with professional misconduct among dietitians, which comes closer to your view, even if neither is exactly right?
A. Most dietitians have good intentions, it's the system that's broken
B. The system can work fine, it's the dietitians that are the problem","When you hear auobt pobmrels with posnfreasoil muocniscdt aonmg dietitians, wchih coems ceolsr to your view, even if niheter is elxtacy right?
A. Most dietitians have good intentions, it's the system that's broken
B. The system can work fine, it's the dietitians that are the problem"
45,SCM2_W42,2,"Which of the following best describes what you think about the scientific method?
A. The scientific method generally produces accurate conclusions
B. The scientific method can be used to produce any conclusion the researcher wants","Which of the flwlionog best drisceebs what you tinhk abuot the sicinifetc method?
A. The scientific method generally produces accurate conclusions
B. The scientific method can be used to produce any conclusion the researcher wants"
46,SCM3_W42,2,"Which of these statements comes closer to your own view, even if neither is exactly right?
A. Scientists make judgments based solely on the facts
B. Scientists' judgments are just as likely to be biased as other people's","Wihch of tehse snetttaems cmeos celsor to your own view, even if nteiehr is etaxcly right?
A. Scientists make judgments based solely on the facts
B. Scientists' judgments are just as likely to be biased as other people's"
47,MARRFAM_W92,2,"Please choose the statement that comes closer to your own views.
A. Society is better off if people make marriage and having children a priority
B. Society is just as well off if people have priorities other than marriage and children","Plasee choose the staneemtt that cmoes cesolr to your own views.
A. Society is better off if people make marriage and having children a priority
B. Society is just as well off if people have priorities other than marriage and children"
48,PAR2CHILD_W92,2,"Children with two parents are
A. Better off when a parent stays home to focus on the family
B. Just as well off when their parents work outside the home","Cirhedln with two peratns are
A. Better off when a parent stays home to focus on the family
B. Just as well off when their parents work outside the home"
49,OPENIDEN_W92,2,"Please choose the statement that comes closer to your own views.
A. America's openness to people from all over the world is essential to who we are as a nation
B. If America is too open to people from all over the world, we risk losing our identity as a nation","Peslae coshoe the saetntmet that cemos cesolr to your own views.
A. America's openness to people from all over the world is essential to who we are as a nation
B. If America is too open to people from all over the world, we risk losing our identity as a nation"
0,HIGHED_W36,2,"Now, thinking about the higher education system, that is colleges and universities, in the United States today moving in the right or wrong direction?
A. Right direction
B. Wrong direction","Now, tninihkg aubot the hehigr eiauctodn system, that is celolegs and universities, in the Untied Sattes taody mnovig in the right or wrnog direction?
A. Right direction
B. Wrong direction"
1,GAP21Q30_W82,2,"Should the US be the most active of the leading nations, or should it be about as active as other leading nations?
A. Most active
B. About as active","Shluod the US be the most acvite of the lnidaeg nations, or shluod it be abuot as atvice as ohetr ldeanig nations?
A. Most active
B. About as active"
2,SSCUT_W41,2,"Thinking about the long-term future of Social Security, which statement comes closer to your view, even if neither is exactly right?
A. Some reductions in benefits for future retirees will need to be made
B. Social Security benefits should not be reduced in any way","Thinknig aubot the long-term fuurte of Soaicl Security, wcihh settamnet coems clseor to your view, even if neethir is exclaty right?
A. Some reductions in benefits for future retirees will need to be made
B. Social Security benefits should not be reduced in any way"
3,GAP21Q18_W82,2,"Which statement comes closer to your view, even if neither is exactly right? The US should
A. Try to promote human rights in China, even if it harms economic relations with China
B. Prioritize strengthening economic relations with China, even if it means not addressing human rights issues","Whcih senmatett ceoms celsor to your view, even if nheteir is eacxtly right? The US shulod
A. Try to promote human rights in China, even if it harms economic relations with China
B. Prioritize strengthening economic relations with China, even if it means not addressing human rights issues"
4,GAP21Q35_W82,2,"Which statement comes closer to your view, even if neither is exactly right?
A. many of the problems facing our country can be solved by working with other countries
B. few of the problems facing our country can be solved by working with other countries","Wihch saeettnmt coems celosr to your view, even if ntieehr is exatlcy right?
A. many of the problems facing our country can be solved by working with other countries
B. few of the problems facing our country can be solved by working with other countries"
5,GAP21Q36_W82,2,"Please choose the statement that comes closer to your own views.
A. In foreign policy, the US should take into account the interests of its allies even if it means making compromises
B. In foreign policy, the US should follow its own national interests even when its allies strongly disagree","Pasele cohose the stneaemtt that coems clesor to your own views.
A. In foreign policy, the US should take into account the interests of its allies even if it means making compromises
B. In foreign policy, the US should follow its own national interests even when its allies strongly disagree"
6,GAP21Q37_W82,2,"Please choose the statement that comes closer to your own views.
A. It's best for the future of our country to be active in world affairs
B. We should pay less attention to problems overseas and concentrate on problems here at home","Psalee cohsoe the sentatmet that comes closer to your own views.
A. It's best for the future of our country to be active in world affairs
B. We should pay less attention to problems overseas and concentrate on problems here at home"
7,GAP21Q42_W82,2,"Thinking about our economic and trade policy toward China, which is more important?
A. Building a strong relationship with China on economic issues
B. Getting tougher with China on economic issues","Tkinnhig aobut our ecnoiomc and tdare pcioly tawrod China, whcih is more important?
A. Building a strong relationship with China on economic issues
B. Getting tougher with China on economic issues"
8,INEQ2_W54,2,"Do you think that
A. Some amount of economic inequality is acceptable
B. No amount of economic inequality is acceptable","Do you think that
A. Some amount of economic inequality is acceptable
B. No amount of economic inequality is acceptable"
9,INEQ9_W54,2,"In order to address economic inequality in this country, do you think it would be better for the government to
A. Give direct assistance to people who are poor in the form of cash payments or tax credits
B. Invest in education and job training programs for people who are poor","In oedrr to arddses eincmooc iaeqnultiy in this country, do you tnihk it wulod be beettr for the gvnnoreemt to
A. Give direct assistance to people who are poor in the form of cash payments or tax credits
B. Invest in education and job training programs for people who are poor"
10,INEQ10_W54,2,"In order to address economic inequality in this country, do you think the government
A. Should raise taxes on the wealthiest Americans
B. Should not raise taxes on the wealthiest Americans","In oedrr to ardedss enocoimc inlitqueay in this country, do you tnihk the gmnrevonet
A. Should raise taxes on the wealthiest Americans
B. Should not raise taxes on the wealthiest Americans"
11,INEQ11_W54,2,"In order to address economic inequality in this country, do you think the government
A. Should raise taxes on people like you
B. Should not raise taxes on people like you","In odrer to aesrdds eonomicc ituleqinay in this country, do you think the gevrmonent
A. Should raise taxes on people like you
B. Should not raise taxes on people like you"
12,WORKHARD_W53,2,"Please choose the statement that comes closer to your own views.
A. Most people who want to get ahead can make it if they're willing to work hard
B. Hard work and determination are no guarantee of success for most people","Plsaee chosoe the stnteaemt that comes ceolsr to your own views.
A. Most people who want to get ahead can make it if they're willing to work hard
B. Hard work and determination are no guarantee of success for most people"
13,POOREASY_W53,2,"Please choose the statement that comes closer to your own views.
A. Poor people today have it easy because they can get government benefits without doing anything in return
B. Poor people have hard lives because government benefits don't go far enough to help them live decently","Plasee cshooe the saemtnett that ceoms cselor to your own views.
A. Poor people today have it easy because they can get government benefits without doing anything in return
B. Poor people have hard lives because government benefits don't go far enough to help them live decently"
14,ECONFAIR_W53,2,"Please choose the statement that comes closer to your own views
A. The economic system in this country unfairly favors powerful interests
B. The economic system in this country is generally fair to most Americans","Pselae cooshe the seaemnttt that ceoms cosler to your own vewis
A. The economic system in this country unfairly favors powerful interests
B. The economic system in this country is generally fair to most Americans"
15,POLICY1_W42,2,"Which of these statements comes closer to your own view, even if neither is exactly right?
A. Scientists should take an active role in public policy debates about scientific issues
B. Scientists should focus on establishing sound scientific facts and stay out of public policy debates","Wichh of tehse sntaetemts cmoes cloesr to your own view, even if nieethr is etlcaxy right?
A. Scientists should take an active role in public policy debates about scientific issues
B. Scientists should focus on establishing sound scientific facts and stay out of public policy debates"
16,POLICY2_W42,2,"Which of these statements comes closer to your own view, even if neither is exactly right?
A. Public opinion should play an important role to guide policy decisions about scientific issues
B. Public opinion should not play an important role to guide policy decisions about scientific issues because these issues","Wihch of tehse sttmnatees cemos clsoer to your own view, even if nhteier is ecaltxy right?
A. Public opinion should play an important role to guide policy decisions about scientific issues
B. Public opinion should not play an important role to guide policy decisions about scientific issues because these issues"
17,RQ6_F1A_W42,2,"When you hear or read news stories about research misconduct by medical research scientists, do you think of these cases as
A. Isolated incidents
B. Signs of a broader problem","When you hear or read news streois aubot rescraeh mcodsincut by maedicl racreseh scientists, do you tnhik of tsehe cseas as
A. Isolated incidents
B. Signs of a broader problem"
18,RQ7_F1A_W42,2,"When you hear about problems with research misconduct among medical research scientists, which comes closer to your view, even if neither is exactly right?
A. Most medical research scientists have good intentions, it's the research system that's broken
B. The research system can work fine, it's the medical research scientists that are the problem","When you hear aubot pbrmloes with reaecsrh msiocndcut amnog mdiacel raercesh scientists, which ceoms coelsr to your view, even if niehter is extcaly right?
A. Most medical research scientists have good intentions, it's the research system that's broken
B. The research system can work fine, it's the medical research scientists that are the problem"
19,RQ6_F1B_W42,2,"When you hear or read news stories about research misconduct by environmental research scientists, do you think of these cases as
A. Isolated incidents
B. Signs of a broader problem","When you hear or read news sterois abuot rreaecsh mcnsdcuoit by enaienrtonmvl rreescah scientists, do you tnhik of tshee caess as
A. Isolated incidents
B. Signs of a broader problem"
20,RQ7_F1B_W42,2,"When you hear about problems with research misconduct among environmental research scientists, which comes closer to your view, even if neither is exactly right?
A. Most environmental research scientists have good intentions, it's the research system that's broken
B. The research system can work fine, it's the environmental research scientists that are the problem","When you hear auobt poeblmrs with resrceah mouccdnist among eneriannotvml resrecah scientists, wihch coems colser to your view, even if nheietr is eltxcay right?
A. Most environmental research scientists have good intentions, it's the research system that's broken
B. The research system can work fine, it's the environmental research scientists that are the problem"
21,RQ6_F1C_W42,2,"When you hear or read news stories about research misconduct by nutrition research scientists, do you think of these cases as
A. Isolated incidents
B. Signs of a broader problem","When you hear or read news seorits auobt rreeacsh munsdiccot by nitiurton raercseh scientists, do you tnihk of tsehe cesas as
A. Isolated incidents
B. Signs of a broader problem"
22,RQ7_F1C_W42,2,"When you hear about problems with research misconduct among nutrition research scientists, which comes closer to your view, even if neither is exactly right?
A. Most nutrition research scientists have good intentions, it's the research system that's broken
B. The research system can work fine, it's the nutrition research scientists that are the problem","When you hear aubot pblemros with rsraceeh mncdoiusct amnog nrutoiitn rscraeeh scientists, wichh ceoms cesolr to your view, even if nteiher is ealxtcy right?
A. Most nutrition research scientists have good intentions, it's the research system that's broken
B. The research system can work fine, it's the nutrition research scientists that are the problem"
23,PQ6_F2A_W42,2,"When you hear or read news stories about professional misconduct by medical doctors, do you think of these cases as
A. Isolated incidents
B. Signs of a broader problem","When you hear or read news strioes aubot poeassirnfol mciuocsndt by mdeacil doctors, do you tihnk of thsee cesas as
A. Isolated incidents
B. Signs of a broader problem"
24,PQ7_F2A_W42,2,"When you hear about problems with professional misconduct among medical doctors, which comes closer to your view, even if neither is exactly right?
A. Most medical doctors have good intentions, it's the system that's broken
B. The system can work fine, it's the medical doctors that are the problem","When you hear aobut pmberlos with pisoaseofnrl muosiccndt anomg mceiadl doctors, wcihh ceoms coeslr to your view, even if ntehier is ealcxty right?
A. Most medical doctors have good intentions, it's the system that's broken
B. The system can work fine, it's the medical doctors that are the problem"
25,PQ6_F2B_W42,2,"When you hear or read news stories about professional misconduct by environmental health specialists, do you think of these cases as
A. Isolated incidents
B. Signs of a broader problem","When you hear or read news seiorts auobt psofeosnairl mocndsicut by emnnroivtnael htleah specialists, do you thnik of thsee cseas as
A. Isolated incidents
B. Signs of a broader problem"
26,POP1_W42,2,"Which of these statements comes closer to your view, even if neither is exactly right?
A. Ordinary people would do a better job solving the country's problems than elected officials
B. Ordinary people would do no better solving the country's problems than elected officials","Which of tshee smetnettas comes csloer to your view, even if neihter is exltacy right?
A. Ordinary people would do a better job solving the country's problems than elected officials
B. Ordinary people would do no better solving the country's problems than elected officials"
27,POP3_W42,2,"Which of these do you think is the better way to solve the country's most pressing problems, even if neither is exactly right?
A. Rely more on people who are considered experts about the problems, even if they don't have much practical experience
B. Rely more on people with practical experience with the problems, even if they aren't considered experts","Which of these do you think is the btteer way to svloe the country's most piessnrg problems, even if nteeihr is ecaxlty right?
A. Rely more on people who are considered experts about the problems, even if they don't have much practical experience
B. Rely more on people with practical experience with the problems, even if they aren't considered experts"
28,RACESURV6_W43,2,"When it comes to racial discrimination, which do you think is the bigger problem for the country today?
A. People seeing racial discrimination where it really does not exist
B. People not seeing racial discrimination where it really does exist","When it coems to racial discrimination, wichh do you thnik is the bgeigr perbolm for the cnuotry today?
A. People seeing racial discrimination where it really does not exist
B. People not seeing racial discrimination where it really does exist"
29,RACESURV16_W43,2,"When it comes to improving race relations, do you think it is more important for people to focus on
A. The unique experiences of different racial and ethnic groups
B. What different racial and ethnic groups have in common","When it cemos to ivpiomnrg race relations, do you tinhk it is more irtnpmaot for polpee to foucs on
A. The unique experiences of different racial and ethnic groups
B. What different racial and ethnic groups have in common"
30,RACESURV49_W43,2,"When it comes to decisions about hiring and promotions, do you think companies and organizations
A. Should take a person's race and ethnicity into account, in addition to their qualifications, in order to increase diversity
B. Should only take a person's qualifications into account, even if it results in less diversity in the workplace","When it comes to diisenocs aobut hinrig and promotions, do you tnihk cepaimnos and oztaogirainns
A. Should take a person's race and ethnicity into account, in addition to their qualifications, in order to increase diversity
B. Should only take a person's qualifications into account, even if it results in less diversity in the workplace"
31,RACESURV50_W43,2,"When it comes to the schools students attend, do you think students
A. Should go to schools that are racially and ethnically mixed, even if it means that some students don't go to school in their local community
B. Should go to schools in their local community, even if it means that most schools are not racially and ethnically mixed","When it coems to the sooclhs snttdeus attend, do you tinhk suetntds
A. Should go to schools that are racially and ethnically mixed, even if it means that some students don't go to school in their local community
B. Should go to schools in their local community, even if it means that most schools are not racially and ethnically mixed"
32,FAMSURV4_W50,2,"Which statement comes closer to your view?
A. Society is better off if couples who want to stay together long-term eventually get married
B. Society is just as well off if couples who want to stay together long-term decide not to marry","Wichh staeenmtt cmeos colesr to your view?
A. Society is better off if couples who want to stay together long-term eventually get married
B. Society is just as well off if couples who want to stay together long-term decide not to marry"
33,FAMSURV8_W50,2,"Which statement comes closer to your view?
A. Couples who are married do a better job raising children than couples who are living together but are not married
B. Couples who are living together but are not married can raise children just as well as married couples","Wchih semtetant cemos closer to your view?
A. Couples who are married do a better job raising children than couples who are living together but are not married
B. Couples who are living together but are not married can raise children just as well as married couples"
34,BIGHOUSES_W92,2,"Would you prefer to live in a community where the houses are
A. Larger and farther apart, but schools, stores, and restaurants are several miles away
B. Smaller and closer to each other, but schools, stores, and restaurants are within walking distance","Would you pfeerr to live in a cmiomunty where the huseos are
A. Larger and farther apart, but schools, stores, and restaurants are several miles away
B. Smaller and closer to each other, but schools, stores, and restaurants are within walking distance"
35,WOMENOBS_W92,2,"Please choose the statement that comes closer to your own views.
A. The obstacles that once made it harder for women than men to get ahead are now largely gone
B. There are still significant obstacles that make it harder for women to get ahead than men","Pealse chosoe the stnameett that coems coselr to your own views.
A. The obstacles that once made it harder for women than men to get ahead are now largely gone
B. There are still significant obstacles that make it harder for women to get ahead than men"
36,ECONFAIR_W92,2,"Please choose the statement that comes closer to your own views.
A. The economic system in this country unfairly favors powerful interests
B. The economic system in this country is generally fair to most Americans","Pelsae cosohe the satetmnet that cmoes csoler to your own views.
A. The economic system in this country unfairly favors powerful interests
B. The economic system in this country is generally fair to most Americans"
37,VTRGHTPRIV1_W92,2,"Please choose the statement that comes closer to your own views.
A. Voting is a fundamental right for every adult U.S. citizen and should not be restricted in any way
B. Voting is a privilege that comes with responsibilities and can be limited if adult U.S. citizens don't meet some require","Plaese csohoe the seatntmet that cmoes cselor to your own views.
A. Voting is a fundamental right for every adult U.S. citizen and should not be restricted in any way
B. Voting is a privilege that comes with responsibilities and can be limited if adult U.S. citizens don't meet some require"
38,ALLIES_W92,2,"Please choose the statement that comes closer to your own views.
A. In foreign policy, the U.S. should take into account the interests of its allies even if it means making compromises
B. In foreign policy, the U.S. should follow its own national interests even when its allies strongly disagree","Pasele cshooe the semttanet that comes cselor to your own views.
A. In foreign policy, the U.S. should take into account the interests of its allies even if it means making compromises
B. In foreign policy, the U.S. should follow its own national interests even when its allies strongly disagree"
39,PEACESTR_W92,2,"Please choose the statement that comes closer to your own views.
A. The best way to ensure peace is through military strength
B. Good diplomacy is the best way to ensure peace","Plaese cohsoe the semttaent that comes celsor to your own views.
A. The best way to ensure peace is through military strength
B. Good diplomacy is the best way to ensure peace"
40,GOVWASTE_W92,2,"Please choose the statement that comes closer to your own views.
A. Government is almost always wasteful and inefficient
B. Government often does a better job than people give it credit for","Paslee chsooe the stmetaent that coems colser to your own views.
A. Government is almost always wasteful and inefficient
B. Government often does a better job than people give it credit for"
41,SUPERPWR_W92,2,"In the future, do you think
A. U.S. policies should try to keep it so America is the only military superpower
B. It would be acceptable if another country became as militarily powerful as the U.S.","In the future, do you tnhik
A. U.S. policies should try to keep it so America is the only military superpower
B. It would be acceptable if another country became as militarily powerful as the U.S."
42,GLBLZE_W92,2,"All in all, would you say that the U.S. has
A. Gained more than it has lost from increased trade
B. Lost more than it has gained from increased trade","All in all, wulod you say that the U.S. has
A. Gained more than it has lost from increased trade
B. Lost more than it has gained from increased trade"
43,FP_AUTH_W92,2,"In foreign policy, the U.S. should
A. Work with any country to achieve U.S. goals, even if that sometimes means working closely with dictators or countries that do not share our democratic values
B. Not work with dictators or countries that do not share our democratic values, even if that sometimes makes it harder to","In firegon policy, the U.S. slohud
A. Work with any country to achieve U.S. goals, even if that sometimes means working closely with dictators or countries that do not share our democratic values
B. Not work with dictators or countries that do not share our democratic values, even if that sometimes makes it harder to"
44,SNGLPYER_W92,2,"Should health insurance
A. Be provided through a single national health insurance system run by the government
B. Continue to be provided through a mix of private insurance companies and government programs","Soluhd haetlh inurcnase
A. Be provided through a single national health insurance system run by the government
B. Continue to be provided through a mix of private insurance companies and government programs"
45,NOGOVTHC_W92,2,"Should the government
A. Not be involved in providing health insurance at all
B. Continue programs like Medicare and Medicaid for seniors and the very poor","Solhud the grmonenvet
A. Not be involved in providing health insurance at all
B. Continue programs like Medicare and Medicaid for seniors and the very poor"
46,PROG_RNEED2b_W92,2,"Which comes closer to your view about what needs to be done to ensure equal rights for all Americans regardless of their racial or ethnic backgrounds?
A. Most U.S. laws and major institutions need to be completely rebuilt because they are fundamentally biased against some racial or ethnical backgrounds
B. While there are many inequities in U.S. laws and institutions, necessary changes can be made by working within the current laws","Which cmoes coeslr to your view aubot what ndees to be done to esrnue eqaul rthgis for all Ariaemcns researlgds of tiher raical or etinhc backgrounds?
A. Most U.S. laws and major institutions need to be completely rebuilt because they are fundamentally biased against some racial or ethnical backgrounds
B. While there are many inequities in U.S. laws and institutions, necessary changes can be made by working within the current laws"
47,BUSPROFIT_W92,2,"Please choose the statement that comes closer to your own views.
A. Business corporations make too much profit
B. Most corporations make a fair and reasonable amount of profit","Pseale cosohe the stnameett that coems csloer to your own views.
A. Business corporations make too much profit
B. Most corporations make a fair and reasonable amount of profit"
48,CNTRYFAIR_W92,2,"Please choose the statement that comes closer to your own views.
A. Other countries generally treat the United States about as fairly as we treat them
B. Other countries often take unfair advantage of the United States","Plasee coohse the senmttaet that cmoes csoelr to your own views.
A. Other countries generally treat the United States about as fairly as we treat them
B. Other countries often take unfair advantage of the United States"
49,GOVPROTCT_W92,2,"Please choose the statement that comes closer to your own views.
A. It's not the government's job to protect people from themselves
B. Sometimes laws to protect people from themselves are necessary","Plaese coohse the settaenmt that cmoes ceolsr to your own views.
A. It's not the government's job to protect people from themselves
B. Sometimes laws to protect people from themselves are necessary"
50,GOVAID_W92,2,"Please choose the statement that comes closer to your own views.
A. Government aid to the poor does more harm than good, by making people too dependent on government assistance
B. Government aid to the poor does more good than harm, because people can't get out of poverty until their basic needs are","Psaele csohoe the sntatemet that ceoms coselr to your own views.
A. Government aid to the poor does more harm than good, by making people too dependent on government assistance
B. Government aid to the poor does more good than harm, because people can't get out of poverty until their basic needs are"
51,RELIG_GOV_W92,2,"Please choose the statement that comes closer to your own views.
A. Religion should be kept separate from government policies
B. Government policies should support religious values and beliefs","Peasle chsooe the stematent that ceoms celsor to your own views.
A. Religion should be kept separate from government policies
B. Government policies should support religious values and beliefs"
52,GOODEVIL_W92,2,"Please choose the statement that comes closer to your own views.
A. Most things in society can be pretty clearly divided into good and evil
B. Most things in society are too complicated to be clearly divided between good and evil","Paelse csoohe the seatnetmt that cmoes closer to your own views.
A. Most things in society can be pretty clearly divided into good and evil
B. Most things in society are too complicated to be clearly divided between good and evil"
53,PPLRESP_W92,2,"Please choose the statement that comes closer to your own views.
A. People like me just don't get the respect we deserve in this country
B. People like me generally get the respect we deserve in this country","Plesae cshooe the seeantmtt that cemos csleor to your own views.
A. People like me just don't get the respect we deserve in this country
B. People like me generally get the respect we deserve in this country"
54,INFOKNOWa_W45,2,"How do you feel about the average American's ability to recognize the following type of news and information? Made-up information that is intended to mislead the public
A. The average American should be able to recognize it
B. It is too much to ask of the average American to be able to recognize it","How do you feel auobt the avgerae American's aiitlby to rgcnzeoie the flownilog type of news and information? Made-up ifmoraiotnn that is iednnetd to mslaeid the pbuilc
A. The average American should be able to recognize it
B. It is too much to ask of the average American to be able to recognize it"
55,INFOKNOWb_W45,2,"How do you feel about the average American's ability to recognize the following type of news and information? Satire about an issue or event
A. The average American should be able to recognize it
B. It is too much to ask of the average American to be able to recognize it","How do you feel abuot the arageve American's aitilby to rzgconiee the filnoolwg type of news and information? Sratie about an issue or enevt
A. The average American should be able to recognize it
B. It is too much to ask of the average American to be able to recognize it"
56,INFOKNOWc_W45,2,"How do you feel about the average American's ability to recognize the following type of news and information? Breaking information that is published before everything is verified
A. The average American should be able to recognize it
B. It is too much to ask of the average American to be able to recognize it","How do you feel about the argavee American's abitliy to rgenoizce the fwliolnog type of news and information? Biranekg iamoofinrtn that is pluihbesd berfoe ehnryeitvg is vefeirid
A. The average American should be able to recognize it
B. It is too much to ask of the average American to be able to recognize it"
57,INFOKNOWd_W45,2,"How do you feel about the average American's ability to recognize the following type of news and information? Factual information presented to favor one side of an issue
A. The average American should be able to recognize it
B. It is too much to ask of the average American to be able to recognize it","How do you feel aobut the aavgere American's abitliy to riogcnzee the fowloling type of news and information? Fatcaul ionmiftaron peneerstd to faovr one side of an iusse
A. The average American should be able to recognize it
B. It is too much to ask of the average American to be able to recognize it"
58,INFOKNOWe_W45,2,"How do you feel about the average American's ability to recognize the following type of news and information? A video or image that is altered or made up to mislead the public
A. The average American should be able to recognize it
B. It is too much to ask of the average American to be able to recognize it","How do you feel auobt the argevae American's abtliiy to rizecogne the fnoolilwg type of news and information? A veido or imgae that is altered or made up to mlsaied the piulbc
A. The average American should be able to recognize it
B. It is too much to ask of the average American to be able to recognize it"
59,INFOOWNa_W45,2,"How do you feel about your own ability to recognize the following type of news and information? Made-up information that is intended to mislead the public
A. I find it easy to recognize it
B. It find it hard to recognize it","How do you feel aobut your own ailtbiy to rogieczne the fllwoiong type of news and information? Made-up itraonofmin that is inendted to mlasied the pibluc
A. I find it easy to recognize it
B. It find it hard to recognize it"
60,INFOOWNb_W45,2,"How do you feel about your own ability to recognize the following type of news and information? Satire about an issue or event
A. I find it easy to recognize it
B. It find it hard to recognize it","How do you feel aobut your own atbliiy to rgienzcoe the fwllnoiog type of news and information? Sriate auobt an isuse or enevt
A. I find it easy to recognize it
B. It find it hard to recognize it"
61,INFOOWNc_W45,2,"How do you feel about your own ability to recognize the following type of news and information? Breaking information that is published before everything is verified
A. I find it easy to recognize it
B. It find it hard to recognize it","How do you feel aobut your own alibity to rgnoiecze the foilnlowg type of news and information? Beranikg itfoniamron that is piuehbsld bfoere ehteyirnvg is vifreeid
A. I find it easy to recognize it
B. It find it hard to recognize it"
62,INFOOWNd_W45,2,"How do you feel about your own ability to recognize the following type of news and information? Factual information presented to favor one side of an issue
A. I find it easy to recognize it
B. It find it hard to recognize it","How do you feel aubot your own aliitby to rgcozenie the fwliolnog type of news and information? Fctuaal ifmianroton perseentd to favor one side of an iusse
A. I find it easy to recognize it
B. It find it hard to recognize it"
63,INFOOWNe_W45,2,"How do you feel about your own ability to recognize the following type of news and information? A video or image that is altered or made up to mislead the public
A. I find it easy to recognize it
B. It find it hard to recognize it","How do you feel about your own alitiby to rgeoizcne the fnoolliwg type of news and information? A vdieo or iamge that is altered or made up to mislaed the plubic
A. I find it easy to recognize it
B. It find it hard to recognize it"
64,MEDIALOYAL3_W45,2,"Which of the following statements comes closer to your view?
A. I consider myself to be loyal to the news source(s) I get my news from
B. I am not particularly loyal to the news source(s) I get my news from","Wcihh of the fllowonig smnteeatts comes ceslor to your view?
A. I consider myself to be loyal to the news source(s) I get my news from
B. I am not particularly loyal to the news source(s) I get my news from"
65,LEAD_W45,2,"When you talk with friends and family about the news, do you tend to
A. Listen to the conversation more than lead
B. Lead the conversation more than listen","When you talk with frdneis and flamiy abuot the news, do you tend to
A. Listen to the conversation more than lead
B. Lead the conversation more than listen"
66,SEEK_W45,2,"Which statement best describes how you get news?
A. I mostly get news because I'm looking for it
B. I mostly get news because I happen to come across it","Wcihh stetnemat best dsceeribs how you get news?
A. I mostly get news because I'm looking for it
B. I mostly get news because I happen to come across it"
67,INFORESTRICTa_W45,2,"Which comes closer to your view about the following type of news and information? Made-up information that is intended to mislead the public
A. The freedom to publish and access it should be protected
B. Steps should be taken to restrict it","Wihch comes csoler to your view aoubt the flwolonig type of news and information? Made-up itrmofonain that is innedetd to mseliad the plbiuc
A. The freedom to publish and access it should be protected
B. Steps should be taken to restrict it"
68,INFORESTRICTb_W45,2,"Which comes closer to your view about the following type of news and information? Satire about an issue or event
A. The freedom to publish and access it should be protected
B. Steps should be taken to restrict it","Wchih comes clesor to your view aubot the flonwliog type of news and information? Siatre auobt an iusse or evnet
A. The freedom to publish and access it should be protected
B. Steps should be taken to restrict it"
69,INFORESTRICTc_W45,2,"Which comes closer to your view about the following type of news and information? Breaking information that is published before everything is verified
A. The freedom to publish and access it should be protected
B. Steps should be taken to restrict it","Wihch cmeos csleor to your view aoubt the fwloinolg type of news and information? Brkniaeg imtoroianfn that is pieshlubd bferoe eneviyrhtg is vferiied
A. The freedom to publish and access it should be protected
B. Steps should be taken to restrict it"
70,INFORESTRICTd_W45,2,"Which comes closer to your view about the following type of news and information? Factual information presented to favor one side of an issue
A. The freedom to publish and access it should be protected
B. Steps should be taken to restrict it","Which comes colesr to your view about the fnlioowlg type of news and information? Fautacl imrnifoaotn pesnreted to fvaor one side of an iusse
A. The freedom to publish and access it should be protected
B. Steps should be taken to restrict it"
71,INFORESTRICTe_W45,2,"Which comes closer to your view about the following type of news and information? A video or image that is altered or made up to mislead the public
A. The freedom to publish and access it should be protected
B. Steps should be taken to restrict it","Wihch cemos coelsr to your view aobut the fwlinolog type of news and information? A vdeio or imgae that is aetelrd or made up to melsaid the pbluic
A. The freedom to publish and access it should be protected
B. Steps should be taken to restrict it"
72,SMSHARER_W45,2,"On social media, do you think of yourself more as a
A. Sharer of news
B. Receiver of news","On scaiol media, do you tnihk of ylrseuof more as a
A. Sharer of news
B. Receiver of news"
73,FCFAIR_W45,2,"Different organizations and news outlets have taken on fact-checking efforts. Do you think that those who do the fact-checking
A. Deal fairly with all sides
B. Tend to favor one side","Diferneft orgoaantiznis and news outelts have tkean on fact-checking efforts. Do you tinhk that tohse who do the fact-checking
A. Deal fairly with all sides
B. Tend to favor one side"
74,WATCHDOG_1_W45,2,"Some people think that by criticizing leaders, news organizations keep political leaders from doing their job. Others think that such criticism is worth it because it keeps political leaders from doing things that should not be done. Which position is closer to your opinion?
A. Keep political leaders from doing their job
B. Keep political leaders from doing things that shouldn't be done","Some ppeole thnik that by cciiztniirg leaders, news oanitngoziras keep pocitaill lreedas from dniog teihr job. Oerhts tihnk that such ctsiriicm is wotrh it bcsueae it keeps pcilaiotl lederas from donig tnihgs that shloud not be done. Wihch piitoson is csoelr to your opinion?
A. Keep political leaders from doing their job
B. Keep political leaders from doing things that shouldn't be done"
75,WATCHDOG_3_W45,2,"In presenting the news dealing with political and social issues, do you think that news organizations
A. Deal fairly with all sides
B. Tend to favor one side","In peinsetrng the news danileg with ptlocaiil and sciaol issues, do you tnhik that news oiagonnzaitrs
A. Deal fairly with all sides
B. Tend to favor one side"
76,COLSPEECH_W36,2,"Thinking again about colleges and universities which of the following do you think should be more important on college campuses these days?
A. Allowing people to speak their minds freely, even if some students find their views upsetting or offensive
B. Ensuring that students aren't exposed to views they find upsetting or offensive, even if that limits what people are a","Tkinhnig again aoubt clleoegs and uerniitisevs which of the filolonwg do you tinhk solhud be more inamprtot on clgloee ceumpsas thsee days?
A. Allowing people to speak their minds freely, even if some students find their views upsetting or offensive
B. Ensuring that students aren't exposed to views they find upsetting or offensive, even if that limits what people are a"
77,SCI3A_W34,2,"In your opinion, do you think government investments in basic scientific research usually pay off in the long run, or are they not worth it?
A. Government investments usually pay off in the long run
B. Government investments aren't worth it","In your opinion, do you tihnk geemnrnvot itmnnesetvs in bsiac setiinfcic rsaeecrh uslualy pay off in the long run, or are they not worth it?
A. Government investments usually pay off in the long run
B. Government investments aren't worth it"
78,SCI3B_W34,2,"In your opinion, do you think government investments in engineering and technology usually pay off in the long run, or are they not worth it?
A. Government investments usually pay off in the long run
B. Government investments aren't worth it","In your opinion, do you tinhk gonrvenmet innmeetvsts in eneigeinnrg and tolnoegchy uullasy pay off in the long run, or are they not worth it?
A. Government investments usually pay off in the long run
B. Government investments aren't worth it"
79,SCI3C_W34,2,"In your opinion, do you think government investments in medical research usually pay off in the long run, or are they not worth it?
A. Government investments usually pay off in the long run
B. Government investments aren't worth it","In your opinion, do you think geornvnemt isvetnmetns in meadicl recraesh uusllay pay off in the long run, or are they not worth it?
A. Government investments usually pay off in the long run
B. Government investments aren't worth it"
80,MED4A_W34,2,"Do you think changing a baby's genetic characteristics to make the baby more intelligent is an appropriate use of medical technology ?
A. An appropriate use of medical technology
B. Taking medical technology too far","Do you tnhik chgannig a baby's genteic cashitcraertcis to make the baby more itgelnleint is an atripoaprpe use of micadel tgolehoncy ?
A. An appropriate use of medical technology
B. Taking medical technology too far"
81,MED4B_W34,2,"Do you think changing a baby's genetic characteristics to treat a serious disease or condition the baby would have at birth is an appropriate use of medical technology ?
A. An appropriate use of medical technology
B. Taking medical technology too far","Do you tinhk cngnihag a baby's geietnc crcetahctrsiias to taert a sreuios desasie or ctooidinn the baby wuold have at birth is an appripaorte use of maeidcl tloeonchgy ?
A. An appropriate use of medical technology
B. Taking medical technology too far"
82,MED4C_W34,2,"Do you think changing a baby's genetic characteristics to reduce the risk of a serious disease or condition that could occur over the course of his or her lifetime is an appropriate use of medical technology ?
A. An appropriate use of medical technology
B. Taking medical technology too far","Do you tihnk cihnngag a baby's gtienec caariccsreihtts to rdeuce the risk of a seriuos daiesse or cndoition that colud ocucr over the cosure of his or her liefmtie is an aptrrpiapoe use of maidecl tgoeolcnhy ?
A. An appropriate use of medical technology
B. Taking medical technology too far"
83,MED7_W34,2,"If gene editing to change a baby's genetic characteristics required testing on human embryos in order to develop these techniques, do you think this would be
A. An appropriate use of medical technology
B. Taking medical technology too far","If gene enidtig to cnhage a baby's geeintc ciarsccrtihates rrqeieud tstineg on huamn eorbmys in order to devloep tsehe techniques, do you think this wuold be
A. An appropriate use of medical technology
B. Taking medical technology too far"
84,BIOTECHA_W34,2,"Do you think genetic engineering of animals to increase their production of specific proteins that will lead to more nutritious meat would be
A. An appropriate use of technology
B. Taking technology too far","Do you think gieentc egeiirennng of aanlims to icsnerae tehir pduitocorn of sceiipfc peoirnts that will lead to more ntoiuiruts meat wloud be
A. An appropriate use of technology
B. Taking technology too far"
85,BIOTECHB_W34,2,"Do you think bringing back an animal that is currently extinct by genetically engineering a closely-related species would be
A. An appropriate use of technology
B. Taking technology too far","Do you tihnk bninrigg back an aminal that is crretlnuy ecitxnt by genetaillcy eenirnngieg a closely-related sepiecs wulod be
A. An appropriate use of technology
B. Taking technology too far"
86,BIOTECHC_W34,2,"Do you think genetic engineering of mosquitoes that would prevent them from reproducing in order to prevent the spread of some mosquito-borne diseases would be
A. An appropriate use of technology
B. Taking technology too far","Do you tnihk gnteeic engnreienig of mqsuooeits that would penrevt them from repiudonrcg in oredr to peenvrt the sreapd of some mosquito-borne deeasiss wloud be
A. An appropriate use of technology
B. Taking technology too far"
87,BIOTECHD_W34,2,"Do you think genetic engineering of animals to grow organs or tissues that can be used for humans needing a transplant would be
A. An appropriate use of technology
B. Taking technology too far","Do you tnhik geitnec eergniineng of anaimls to grow onagrs or tiseuss that can be used for hmnaus ndieneg a tnanaprlst wuold be
A. An appropriate use of technology
B. Taking technology too far"
88,BIOTECHE_W34,2,"Do you think genetic engineering of aquarium fish to change their appearance, causing them to glow would be
A. An appropriate use of technology
B. Taking technology too far","Do you tnhik gietnec egenrnienig of aruuqaim fish to cganhe teihr appearance, causnig them to glow wulod be
A. An appropriate use of technology
B. Taking technology too far"
89,EVOONE_W34,2,"Thinking about the development of human life on Earth which statement comes closer to your own views, even if neither is exactly right?
A. Humans have evolved over time
B. Humans have existed in their present form since the beginning of time","Tiiknnhg aubot the dvoelempent of huamn life on Eatrh wichh sateentmt coems coselr to your own views, even if nhteier is etcxlay right?
A. Humans have evolved over time
B. Humans have existed in their present form since the beginning of time"
90,ROBJOB6_W27,2,"Which of the following statements best describes how you feel, even if neither is exactly right?
A. The government would have an obligation to take care of people whose jobs are displaced by robots and computers
B. Individuals would have an obligation to take care of their own financial well-being, even if robots and computers","Which of the fiololnwg sneeattmts best dbieercss how you feel, even if neither is etcaxly right?
A. The government would have an obligation to take care of people whose jobs are displaced by robots and computers
B. Individuals would have an obligation to take care of their own financial well-being, even if robots and computers"
91,NEVEROWN_W26,2,"Which best describes you?
A. I could never see myself not owning a gun
B. I could see myself not owning a gun at some point in the future","Wchih best dieebrcss you?
A. I could never see myself not owning a gun
B. I could see myself not owning a gun at some point in the future"
92,IMMCULT2_W32,2,"Which statement comes closer to your own views?
A. The growing number of newcomers from other countries threatens traditional American customs and values
B. The growing number of newcomers from other countries strengthens American society","Whcih stetmaent coems csloer to your own views?
A. The growing number of newcomers from other countries threatens traditional American customs and values
B. The growing number of newcomers from other countries strengthens American society"
93,ECONFAIR2_W32,2,"Which statement comes closer to your own views?
A. The economic system in this country unfairly favors powerful interests
B. The economic system in this country is generally fair to most Americans","Which sntmteeat ceoms ceslor to your own views?
A. The economic system in this country unfairly favors powerful interests
B. The economic system in this country is generally fair to most Americans"
94,WOMENOPPS_W32,2,"Which statement comes closer to your own views?
A. The obstacles that once made it harder for women than men to get ahead are now largely gone
B. There are still significant obstacles that make it harder for women to get ahead than men","Wcihh smtanteet cmeos csoelr to your own views?
A. The obstacles that once made it harder for women than men to get ahead are now largely gone
B. There are still significant obstacles that make it harder for women to get ahead than men"
95,GOVT_ROLE_W32,2,"Which statement comes closer to your own views?
A. Government should do more to solve problems
B. Government is doing too many things better left to businesses and individuals","Which sttmenaet cmoes cselor to your own views?
A. Government should do more to solve problems
B. Government is doing too many things better left to businesses and individuals"
96,ABORTION_W32,2,"Do you think abortion should be
A. legal in all or most cases
B. illegal in all or most cases","Do you think aotbiorn slohud be
A. legal in all or most cases
B. illegal in all or most cases"
97,ABORTIONRESTR_W32,2,"Which statement comes closer to your own views?
A. There are some situations in which abortion should be restricted
B. There are no situations at all where abortion should be restricted","Wcihh setmtenat comes ceolsr to your own views?
A. There are some situations in which abortion should be restricted
B. There are no situations at all where abortion should be restricted"
98,MISINFG_W32,2,"Thinking about news and information online, including social media which comes closer to your own view?
A. The U.S. government should take steps to restrict false information online
B. People's freedom to publish and access information should be protected","Tiiknhng about news and ioirftomann online, idnilcung siacol mieda wichh cmoes cselor to your own view?
A. The U.S. government should take steps to restrict false information online
B. People's freedom to publish and access information should be protected"
99,MISINFT_W32,2,"Thinking about news and information online, including social media which comes closer to your own view?
A. Technology companies should take steps to restrict false information online
B. People's freedom to publish and access information should be protected","Tkinnihg aoubt news and irfnoitmoan online, iiunlcndg scioal media wcihh cmoes ceslor to your own view?
A. Technology companies should take steps to restrict false information online
B. People's freedom to publish and access information should be protected"
100,DIFF1A_W29,2,"Do you think men and women are basically similar or basically different when it comes to their hobbies and personal interests?
A. Men and women are basically similar
B. Men and women are basically different","Do you tinhk men and weomn are blcslaiay saimlir or bslaiacly drffeinet when it comes to tiehr hoibebs and pnaroesl interests?
A. Men and women are basically similar
B. Men and women are basically different"
101,DIFF1B_W29,2,"Do you think men and women are basically similar or basically different when it comes to their physical abilities?
A. Men and women are basically similar
B. Men and women are basically different","Do you tnhik men and wmoen are blilaascy siliamr or basclialy dfereifnt when it comes to tehir paychsil abilities?
A. Men and women are basically similar
B. Men and women are basically different"
102,DIFF1C_W29,2,"Do you think men and women are basically similar or basically different when it comes to their approach to parenting?
A. Men and women are basically similar
B. Men and women are basically different","Do you think men and weomn are bialsacly sialmir or basiclaly deffenrit when it cemos to their aapprcoh to parenting?
A. Men and women are basically similar
B. Men and women are basically different"
103,DIFF1D_W29,2,"Do you think men and women are basically similar or basically different when it comes to how they express their feelings?
A. Men and women are basically similar
B. Men and women are basically different","Do you tihnk men and wmeon are baaliclsy slmiiar or biacslaly difnrefet when it comes to how they eespxrs thier feelings?
A. Men and women are basically similar
B. Men and women are basically different"
104,DIFF1E_W29,2,"Do you think men and women are basically similar or basically different when it comes to the things they are good at in the workplace?
A. Men and women are basically similar
B. Men and women are basically different","Do you tnhik men and weomn are biacsllay samilir or bilaclsay drneeifft when it cmoes to the tnihgs they are good at in the workplace?
A. Men and women are basically similar
B. Men and women are basically different"
105,GOODJOBS_W29,2,"In general, thinking about job opportunities where you live, would you say that
A. There are plenty of good jobs available
B. Good jobs are difficult to find","In general, tnkinhig about job operpotuinits wrhee you live, would you say that
A. There are plenty of good jobs available
B. Good jobs are difficult to find"
106,TRANSGEND1_W29,2,"Which statement comes closer to your views, even if neither is exactly right?
A. Whether someone is a man or a woman is determined by the sex they were assigned at birth
B. Someone can be a man or a woman even if that is different from the sex they were assigned at birth","Wcihh steentamt cmeos csoler to your views, even if ntheier is etcaxly right?
A. Whether someone is a man or a woman is determined by the sex they were assigned at birth
B. Someone can be a man or a woman even if that is different from the sex they were assigned at birth"
107,MESUM1_FA_W29,2,"How well, if at all, do the following words or phrases describe you? Honor and duty are my core values
A. Describes me well
B. Does not describe me well","How well, if at all, do the flowlnoig wrdos or prsheas dibrecse you? Hnoor and duty are my core vulaes
A. Describes me well
B. Does not describe me well"
108,MESUM1_FB_W29,2,"How well, if at all, do the following words or phrases describe you? Compassion and helping others are my core values
A. Describes me well
B. Does not describe me well","How well, if at all, do the floolnwig wdors or prseahs dsbiecre you? Csmsaiopon and hlinpeg oehrts are my core vauels
A. Describes me well
B. Does not describe me well"
109,MESUM1_FC_W29,2,"How well, if at all, do the following words or phrases describe you? Willing to work with people I disagree with
A. Describes me well
B. Does not describe me well","How well, if at all, do the fnwllioog wrods or psrheas dbrseice you? Willing to work with peolpe I dirsaege with
A. Describes me well
B. Does not describe me well"
110,MESUM1_FD_W29,2,"How well, if at all, do the following words or phrases describe you? Blue collar
A. Describes me well
B. Does not describe me well","How well, if at all, do the flnoloiwg wdors or pesrahs dirbscee you? Blue clalor
A. Describes me well
B. Does not describe me well"
111,MESUM1_FE_W29,2,"How well, if at all, do the following words or phrases describe you? Focused on my professional life and career
A. Describes me well
B. Does not describe me well","How well, if at all, do the fowollnig wrods or prsheas dbcsreie you? Fcoeusd on my posrseaofnil life and creear
A. Describes me well
B. Does not describe me well"
112,MESUM1_FF_W29,2,"How well, if at all, do the following words or phrases describe you? Interested in visiting other countries
A. Describes me well
B. Does not describe me well","How well, if at all, do the fliwlnoog wdors or pahsres dibresce you? Ieenrettsd in vtiniisg otehr cuteornis
A. Describes me well
B. Does not describe me well"
113,MESUM2_FA_W29,2,"How well, if at all, do the following words or phrases describe you? Environmentalist
A. Describes me well
B. Does not describe me well","How well, if at all, do the fwliolong words or psaehrs drscibee you? Eeiltvonnsramnit
A. Describes me well
B. Does not describe me well"
114,MESUM2_FB_W29,2,"How well, if at all, do the following words or phrases describe you? Have traditional values
A. Describes me well
B. Does not describe me well","How well, if at all, do the fooinwllg wdors or persahs dsericbe you? Have tdtroaainil vlaeus
A. Describes me well
B. Does not describe me well"
115,MESUM2_FC_W29,2,"How well, if at all, do the following words or phrases describe you? Supporter of the National Rifle Association NRA
A. Describes me well
B. Does not describe me well","How well, if at all, do the flnooliwg wrods or paerhss deircsbe you? Speouptrr of the Ntoiaanl Rlife Aoscioiatsn NRA
A. Describes me well
B. Does not describe me well"
116,MESUM2_FD_W29,2,"How well, if at all, do the following words or phrases describe you? Supporter of the Black Lives Matter movement
A. Describes me well
B. Does not describe me well","How well, if at all, do the fnlilowog wodrs or pahsres dcrisebe you? Sptourepr of the Balck Levis Meattr moemenvt
A. Describes me well
B. Does not describe me well"
117,MESUM2_FE_W29,2,"How well, if at all, do the following words or phrases describe you? Supporter of rights for lesbian, gay, bisexual and transgender LGBT people
A. Describes me well
B. Does not describe me well","How well, if at all, do the folwinolg wrdos or psehras dicserbe you? Speourtpr of rhgits for lesbian, gay, bixueasl and tdasgennrer LGBT plepoe
A. Describes me well
B. Does not describe me well"
118,MESUM2_FF_W29,2,"How well, if at all, do the following words or phrases describe you? Consider myself a feminist
A. Describes me well
B. Does not describe me well","How well, if at all, do the fwloilong wdros or preahss dierscbe you? Codiensr melysf a fsnmiiet
A. Describes me well
B. Does not describe me well"
119,TRANSGEND3_W29,3,"Which of the following statements comes closer to your feelings?
A. Our society has gone too far in accepting people who are transgender
B. Our society has not gone far enough in accepting people who are transgender
C. Our society has been about right when it comes to accepting people who are transgender","Which of the fiwlnolog stteametns cmoes colesr to your feelings?
A. Our society has gone too far in accepting people who are transgender
B. Our society has not gone far enough in accepting people who are transgender
C. Our society has been about right when it comes to accepting people who are transgender"
120,TALKDISASNSINT_W49,2,"In your experience, when you talk about politics with people on social media who you disagree with, do you generally find it to be
A. Interesting and informative
B. Stressful and frustrating","In your experience, when you talk aoubt pcloitis with poelpe on sacoil mieda who you dareisge with, do you galelnrey find it to be
A. Interesting and informative
B. Stressful and frustrating"
121,TALKCMNSNSINT_W49,2,"In your experience, when you talk about politics with people on social media who you disagree with, do you generally find that
A. You have more in common politically than you thought
B. You have less in common politically than you thought","In your experience, when you talk about poliitcs with ppolee on sioacl meida who you degasire with, do you greallney find that
A. You have more in common politically than you thought
B. You have less in common politically than you thought"
122,POSNEGCO_W49,2,"On balance, which would you say most accurately describes how you feel?
A. The benefits I get from companies collecting data about me outweigh the potential risks
B. The potential risks of companies collecting data about me outweigh the benefits I get","On balance, wichh would you say most aaureltccy dcesribes how you feel?
A. The benefits I get from companies collecting data about me outweigh the potential risks
B. The potential risks of companies collecting data about me outweigh the benefits I get"
123,POSNEGGOV_W49,2,"On balance, which would you say most accurately describes how you feel?
A. The benefits the government can provide by collecting data about me and others outweigh the potential risks
B. The potential risks of the government collecting data about me and others outweigh the benefits it can provide","On balance, wchih wluod you say most areulcacty dbceeisrs how you feel?
A. The benefits the government can provide by collecting data about me and others outweigh the potential risks
B. The potential risks of the government collecting data about me and others outweigh the benefits it can provide"
124,GOVREGV2_W49,2,"Which of the following do you think would be a more effective way to safeguard people's personal information?
A. Better tools for allowing people to control their personal information themselves
B. Stronger laws governing what companies can and cannot do with people's personal information","Whcih of the folwloing do you tihnk wuold be a more effcvteie way to seuaafrgd people's prnoasel information?
A. Better tools for allowing people to control their personal information themselves
B. Stronger laws governing what companies can and cannot do with people's personal information"
125,PUBLICDATA_W49,2,"Today a wide range of information about people is searchable online. Do you think it is more important for people to have the ability to
A. Discover potentially useful information about others
B. Keep things about themselves that might be potentially damaging from being searchable online","Taody a wide rnage of irtoinomfan aoubt plopee is seaclhbare online. Do you tnihk it is more inorpmatt for ppeloe to have the alibity to
A. Discover potentially useful information about others
B. Keep things about themselves that might be potentially damaging from being searchable online"
