key,num options,num options new,orig alpha,float alpha
HAPPEN2a_W41,5,6,"How likely do you think it is that the following will happen in the next 30 years? There will be a terrorist attack on the U.S. as bad as or worse than 9/11
A. Will definitely happen
B. Will probably happen
C. May or may not happen
D. Will probably not happen
E. Will definitely not happen","How likely do you think it is that the following will happen in the next 30 years? There will be a terrorist attack on the U.S. as bad as or worse than 9/11
A. Will definitely happen
B. Will probably happen
C. May or may not happen
D. Will probably not happen
E. Will definitely not happen
F. Don't know"
HAPPEN2b_W41,5,6,"How likely do you think it is that the following will happen in the next 30 years? The world will face a major energy crisis
A. Will definitely happen
B. Will probably happen
C. May or may not happen
D. Will probably not happen
E. Will definitely not happen","How likely do you think it is that the following will happen in the next 30 years? The world will face a major energy crisis
A. Will definitely happen
B. Will probably happen
C. May or may not happen
D. Will probably not happen
E. Will definitely not happen
F. Don't know"
HAPPEN2c_W41,5,6,"How likely do you think it is that the following will happen in the next 30 years? There will be a cure for Alzheimer's disease
A. Will definitely happen
B. Will probably happen
C. May or may not happen
D. Will probably not happen
E. Will definitely not happen","How likely do you think it is that the following will happen in the next 30 years? There will be a cure for Alzheimer's disease
A. Will definitely happen
B. Will probably happen
C. May or may not happen
D. Will probably not happen
E. Will definitely not happen
F. Don't know"
HAPPEN2d_W41,5,6,"How likely do you think it is that the following will happen in the next 30 years? China will overtake the U.S. as the world's main superpower
A. Will definitely happen
B. Will probably happen
C. May or may not happen
D. Will probably not happen
E. Will definitely not happen","How likely do you think it is that the following will happen in the next 30 years? China will overtake the U.S. as the world's main superpower
A. Will definitely happen
B. Will probably happen
C. May or may not happen
D. Will probably not happen
E. Will definitely not happen
F. Don't know"
HAPPEN2e_W41,5,6,"How likely do you think it is that the following will happen in the next 30 years? A woman will be elected U.S. president
A. Will definitely happen
B. Will probably happen
C. May or may not happen
D. Will probably not happen
E. Will definitely not happen","How likely do you think it is that the following will happen in the next 30 years? A woman will be elected U.S. president
A. Will definitely happen
B. Will probably happen
C. May or may not happen
D. Will probably not happen
E. Will definitely not happen
F. Don't know"
HAPPEN2f_W41,5,6,"How likely do you think it is that the following will happen in the next 30 years? A Hispanic person will be elected U.S. president
A. Will definitely happen
B. Will probably happen
C. May or may not happen
D. Will probably not happen
E. Will definitely not happen","How likely do you think it is that the following will happen in the next 30 years? A Hispanic person will be elected U.S. president
A. Will definitely happen
B. Will probably happen
C. May or may not happen
D. Will probably not happen
E. Will definitely not happen
F. Don't know"
HAPPEN2g_W41,5,6,"How likely do you think it is that the following will happen in the next 30 years? Most Americans will work into their 70s to have enough resources to retire
A. Will definitely happen
B. Will probably happen
C. May or may not happen
D. Will probably not happen
E. Will definitely not happen","How likely do you think it is that the following will happen in the next 30 years? Most Americans will work into their 70s to have enough resources to retire
A. Will definitely happen
B. Will probably happen
C. May or may not happen
D. Will probably not happen
E. Will definitely not happen
F. Don't know"
HAPPEN2h_W41,5,6,"How likely do you think it is that the following will happen in the next 30 years? There will be increasing violence against Jews in the U.S.
A. Will definitely happen
B. Will probably happen
C. May or may not happen
D. Will probably not happen
E. Will definitely not happen","How likely do you think it is that the following will happen in the next 30 years? There will be increasing violence against Jews in the U.S.
A. Will definitely happen
B. Will probably happen
C. May or may not happen
D. Will probably not happen
E. Will definitely not happen
F. Don't know"
PREDICTA_W27,5,6,"Do you think the following will or will not happen in the next 20 years? Doctors will rely on computer programs to diagnose most diseases and determine treatments
A. Will definitely happen
B. Will probably happen
C. May or may not happen
D. Will probably not happen
E. Will definitely not happen","Do you think the following will or will not happen in the next 20 years? Doctors will rely on computer programs to diagnose most diseases and determine treatments
A. Will definitely happen
B. Will probably happen
C. May or may not happen
D. Will probably not happen
E. Will definitely not happen
F. Don't know"
PREDICTB_W27,5,6,"Do you think the following will or will not happen in the next 20 years? Most stores and retail businesses will be fully automated and involve little or no human interaction between customers and employees
A. Will definitely happen
B. Will probably happen
C. May or may not happen
D. Will probably not happen
E. Will definitely not happen","Do you think the following will or will not happen in the next 20 years? Most stores and retail businesses will be fully automated and involve little or no human interaction between customers and employees
A. Will definitely happen
B. Will probably happen
C. May or may not happen
D. Will probably not happen
E. Will definitely not happen
F. Don't know"
PREDICTC_W27,5,6,"Do you think the following will or will not happen in the next 20 years? Most deliveries in cities will be made by robots or drones instead of humans
A. Will definitely happen
B. Will probably happen
C. May or may not happen
D. Will probably not happen
E. Will definitely not happen","Do you think the following will or will not happen in the next 20 years? Most deliveries in cities will be made by robots or drones instead of humans
A. Will definitely happen
B. Will probably happen
C. May or may not happen
D. Will probably not happen
E. Will definitely not happen
F. Don't know"
PREDICTD_W27,5,6,"Do you think the following will or will not happen in the next 20 years? When people want to buy most common products, they will create them at home using a 3-D printer
A. Will definitely happen
B. Will probably happen
C. May or may not happen
D. Will probably not happen
E. Will definitely not happen","Do you think the following will or will not happen in the next 20 years? When people want to buy most common products, they will create them at home using a 3-D printer
A. Will definitely happen
B. Will probably happen
C. May or may not happen
D. Will probably not happen
E. Will definitely not happen
F. Don't know"
RACESURV18a_W43,5,6,"Thinking again about race and race relations in the U.S. in general, how well, if at all, do you think each of these groups get along with each other in our society these days? Whites and Hispanics
A. Very well
B. Pretty well
C. Somewhat well
D. Not too well
E. Not at all well","Thinking again about race and race relations in the U.S. in general, how well, if at all, do you think each of these groups get along with each other in our society these days? Whites and Hispanics
A. Very well
B. Pretty well
C. Somewhat well
D. Not too well
E. Not at all well
F. Don't know"
RACESURV18b_W43,5,6,"Thinking again about race and race relations in the U.S. in general, how well, if at all, do you think each of these groups get along with each other in our society these days? Blacks and Hispanics
A. Very well
B. Pretty well
C. Somewhat well
D. Not too well
E. Not at all well","Thinking again about race and race relations in the U.S. in general, how well, if at all, do you think each of these groups get along with each other in our society these days? Blacks and Hispanics
A. Very well
B. Pretty well
C. Somewhat well
D. Not too well
E. Not at all well
F. Don't know"
RACESURV18c_W43,5,6,"Thinking again about race and race relations in the U.S. in general, how well, if at all, do you think each of these groups get along with each other in our society these days? Blacks and whites
A. Very well
B. Pretty well
C. Somewhat well
D. Not too well
E. Not at all well","Thinking again about race and race relations in the U.S. in general, how well, if at all, do you think each of these groups get along with each other in our society these days? Blacks and whites
A. Very well
B. Pretty well
C. Somewhat well
D. Not too well
E. Not at all well
F. Don't know"
RACESURV18d_W43,5,6,"Thinking again about race and race relations in the U.S. in general, how well, if at all, do you think each of these groups get along with each other in our society these days? Whites and Asians
A. Very well
B. Pretty well
C. Somewhat well
D. Not too well
E. Not at all well","Thinking again about race and race relations in the U.S. in general, how well, if at all, do you think each of these groups get along with each other in our society these days? Whites and Asians
A. Very well
B. Pretty well
C. Somewhat well
D. Not too well
E. Not at all well
F. Don't know"
RACESURV18e_W43,5,6,"Thinking again about race and race relations in the U.S. in general, how well, if at all, do you think each of these groups get along with each other in our society these days? Blacks and Asians
A. Very well
B. Pretty well
C. Somewhat well
D. Not too well
E. Not at all well","Thinking again about race and race relations in the U.S. in general, how well, if at all, do you think each of these groups get along with each other in our society these days? Blacks and Asians
A. Very well
B. Pretty well
C. Somewhat well
D. Not too well
E. Not at all well
F. Don't know"
RACESURV18f_W43,5,6,"Thinking again about race and race relations in the U.S. in general, how well, if at all, do you think each of these groups get along with each other in our society these days? Hispanics and Asians
A. Very well
B. Pretty well
C. Somewhat well
D. Not too well
E. Not at all well","Thinking again about race and race relations in the U.S. in general, how well, if at all, do you think each of these groups get along with each other in our society these days? Hispanics and Asians
A. Very well
B. Pretty well
C. Somewhat well
D. Not too well
E. Not at all well
F. Don't know"
MED5_W34,5,6,"Thinking about what you have heard or read, how well do you think medical researchers understand the health risks and benefits of changing a baby's genetic characteristics?
A. Very well
B. Fairly well
C. Somewhat well
D. Not too well
E. Not at all well","Thinking about what you have heard or read, how well do you think medical researchers understand the health risks and benefits of changing a baby's genetic characteristics?
A. Very well
B. Fairly well
C. Somewhat well
D. Not too well
E. Not at all well
F. Don't know"
VALUEURBAN_W32,5,6,"In general, do you think most people who live in urban areas have values that are
A. Very similar to your values
B. Somewhat similar to your values
C. Neither similar nor dissimilar from your values
D. Somewhat different from your values
E. Very different from your values","In general, do you think most people who live in urban areas have values that are
A. Very similar to your values
B. Somewhat similar to your values
C. Neither similar nor dissimilar from your values
D. Somewhat different from your values
E. Very different from your values
F. Don't know"
VALUESUBURB_W32,5,6,"In general, do you think most people who live in suburban areas have values that are
A. Very similar to your values
B. Somewhat similar to your values
C. Neither similar nor dissimilar from your values
D. Somewhat different from your values
E. Very different from your values","In general, do you think most people who live in suburban areas have values that are
A. Very similar to your values
B. Somewhat similar to your values
C. Neither similar nor dissimilar from your values
D. Somewhat different from your values
E. Very different from your values
F. Don't know"
VALUERURAL_W32,5,6,"In general, do you think most people who live in rural areas have values that are
A. Very similar to your values
B. Somewhat similar to your values
C. Neither similar nor dissimilar from your values
D. Somewhat different from your values
E. Very different from your values","In general, do you think most people who live in rural areas have values that are
A. Very similar to your values
B. Somewhat similar to your values
C. Neither similar nor dissimilar from your values
D. Somewhat different from your values
E. Very different from your values
F. Don't know"
OPTIMIST_W41,5,6,"Please think about what things will be like in 2050, about 30 years from now. Thinking about the future of the United States, would you say you are
A. Very optimistic
B. Somewhat optimistic
C. Neither optimistic nor pessimistic
D. Somewhat pessimistic
E. Very pessimistic","Please think about what things will be like in 2050, about 30 years from now. Thinking about the future of the United States, would you say you are
A. Very optimistic
B. Somewhat optimistic
C. Neither optimistic nor pessimistic
D. Somewhat pessimistic
E. Very pessimistic
F. Don't know"
GAP21Q41_W82,5,6,"Overall, do you think current economic relations between the US and China are very good, somewhat good, somewhat bad or very bad?
A. Very good
B. Somewhat good
C. Neither good nor bad
D. Somewhat bad
E. Very bad","Overall, do you think current economic relations between the US and China are very good, somewhat good, somewhat bad or very bad?
A. Very good
B. Somewhat good
C. Neither good nor bad
D. Somewhat bad
E. Very bad
F. Don't know"
WMNPRZ1_W36,5,6,"Do you think it would be a good thing or a bad thing for the country if a woman was elected president?
A. Very good
B. Somewhat good
C. Neither good nor bad
D. Somewhat bad
E. Very bad","Do you think it would be a good thing or a bad thing for the country if a woman was elected president?
A. Very good
B. Somewhat good
C. Neither good nor bad
D. Somewhat bad
E. Very bad
F. Don't know"
GAYMARR2_W32,5,6,"As you may know, same-sex marriage is now legal in the U.S. Do you think this is a good thing or a bad thing for our society?
A. Very good thing
B. Somewhat good thing
C. Neither a good nor bad thing
D. Somewhat bad thing
E. Very bad thing","As you may know, same-sex marriage is now legal in the U.S. Do you think this is a good thing or a bad thing for our society?
A. Very good thing
B. Somewhat good thing
C. Neither a good nor bad thing
D. Somewhat bad thing
E. Very bad thing
F. Don't know"
RACESURV2_W43,5,6,"The U.S. population is made up of people of many different races and ethnicities. Overall, do you think this is
A. Very good for the country
B. Somewhat good for the country
C. Neither good nor bad for the country
D. Somewhat bad for the country
E. Very bad for the country","The U.S. population is made up of people of many different races and ethnicities. Overall, do you think this is
A. Very good for the country
B. Somewhat good for the country
C. Neither good nor bad for the country
D. Somewhat bad for the country
E. Very bad for the country
F. Don't know"
SOCIETY_TRANS_W92,5,6,"Do you think greater social acceptance of people who are transgender (people who identify as a gender that is different from the sex they were assigned at birth) is generally good or bad for our society?
A. Very good for society
B. Somewhat good for society
C. Neither good nor bad for society
D. Somewhat bad for society
E. Very bad for society","Do you think greater social acceptance of people who are transgender (people who identify as a gender that is different from the sex they were assigned at birth) is generally good or bad for our society?
A. Very good for society
B. Somewhat good for society
C. Neither good nor bad for society
D. Somewhat bad for society
E. Very bad for society
F. Don't know"
SOCIETY_RHIST_W92,5,6,"Do you think increased public attention to the history of slavery and racism in America is generally good or bad for our society?
A. Very good for society
B. Somewhat good for society
C. Neither good nor bad for society
D. Somewhat bad for society
E. Very bad for society","Do you think increased public attention to the history of slavery and racism in America is generally good or bad for our society?
A. Very good for society
B. Somewhat good for society
C. Neither good nor bad for society
D. Somewhat bad for society
E. Very bad for society
F. Don't know"
SOCIETY_JBCLL_W92,5,6,"Do you think good-paying jobs requiring a college degree more often than they used to is generally good or bad for our society?
A. Very good for society
B. Somewhat good for society
C. Neither good nor bad for society
D. Somewhat bad for society
E. Very bad for society","Do you think good-paying jobs requiring a college degree more often than they used to is generally good or bad for our society?
A. Very good for society
B. Somewhat good for society
C. Neither good nor bad for society
D. Somewhat bad for society
E. Very bad for society
F. Don't know"
SOCIETY_RELG_W92,5,6,"Do you think a decline in the share of Americans belonging to an organized religion is generally good or bad for our society?
A. Very good for society
B. Somewhat good for society
C. Neither good nor bad for society
D. Somewhat bad for society
E. Very bad for society","Do you think a decline in the share of Americans belonging to an organized religion is generally good or bad for our society?
A. Very good for society
B. Somewhat good for society
C. Neither good nor bad for society
D. Somewhat bad for society
E. Very bad for society
F. Don't know"
SOCIETY_GUNS_W92,5,6,"Do you think an increase in the number of guns in the U.S. is generally good or bad for our society?
A. Very good for society
B. Somewhat good for society
C. Neither good nor bad for society
D. Somewhat bad for society
E. Very bad for society","Do you think an increase in the number of guns in the U.S. is generally good or bad for our society?
A. Very good for society
B. Somewhat good for society
C. Neither good nor bad for society
D. Somewhat bad for society
E. Very bad for society
F. Don't know"
SOCIETY_SSM_W92,5,6,"Do you think same-sex marriages being legal in the U.S. is generally good or bad for our society?
A. Very good for society
B. Somewhat good for society
C. Neither good nor bad for society
D. Somewhat bad for society
E. Very bad for society","Do you think same-sex marriages being legal in the U.S. is generally good or bad for our society?
A. Very good for society
B. Somewhat good for society
C. Neither good nor bad for society
D. Somewhat bad for society
E. Very bad for society
F. Don't know"
GAP21Q15_a_W82,5,6,"Please compare the US to other developed nations in a few different areas. In each instance, how does the US compare? Healthcare system
A. The best
B. Above average
C. Average
D. Below average
E. The worst","Please compare the US to other developed nations in a few different areas. In each instance, how does the US compare? Healthcare system
A. The best
B. Above average
C. Average
D. Below average
E. The worst
F. Don't know"
GAP21Q15_b_W82,5,6,"Please compare the US to other developed nations in a few different areas. In each instance, how does the US compare? Colleges and universities
A. The best
B. Above average
C. Average
D. Below average
E. The worst","Please compare the US to other developed nations in a few different areas. In each instance, how does the US compare? Colleges and universities
A. The best
B. Above average
C. Average
D. Below average
E. The worst
F. Don't know"
GAP21Q15_c_W82,5,6,"Please compare the US to other developed nations in a few different areas. In each instance, how does the US compare? Standard of living
A. The best
B. Above average
C. Average
D. Below average
E. The worst","Please compare the US to other developed nations in a few different areas. In each instance, how does the US compare? Standard of living
A. The best
B. Above average
C. Average
D. Below average
E. The worst
F. Don't know"
GAP21Q15_d_W82,5,6,"Please compare the US to other developed nations in a few different areas. In each instance, how does the US compare? Military
A. The best
B. Above average
C. Average
D. Below average
E. The worst","Please compare the US to other developed nations in a few different areas. In each instance, how does the US compare? Military
A. The best
B. Above average
C. Average
D. Below average
E. The worst
F. Don't know"
GAP21Q15_e_W82,5,6,"Please compare the US to other developed nations in a few different areas. In each instance, how does the US compare? Technological achievements
A. The best
B. Above average
C. Average
D. Below average
E. The worst","Please compare the US to other developed nations in a few different areas. In each instance, how does the US compare? Technological achievements
A. The best
B. Above average
C. Average
D. Below average
E. The worst
F. Don't know"
GAP21Q15_f_W82,5,6,"Please compare the US to other developed nations in a few different areas. In each instance, how does the US compare? Entertainment, including movies, music and television
A. The best
B. Above average
C. Average
D. Below average
E. The worst","Please compare the US to other developed nations in a few different areas. In each instance, how does the US compare? Entertainment, including movies, music and television
A. The best
B. Above average
C. Average
D. Below average
E. The worst
F. Don't know"
USMILSIZ_W92,5,6,"Thinking about the size of America's military, do you think it should be
A. Reduced a great deal
B. Reduced somewhat
C. Kept about as is
D. Increased somewhat
E. Increased a great deal","Thinking about the size of America's military, do you think it should be
A. Reduced a great deal
B. Reduced somewhat
C. Kept about as is
D. Increased somewhat
E. Increased a great deal
F. Don't know"
LEGALIMMIGAMT_W92,5,6,"Do you think the number of legal immigrants the U.S. admits should
A. Increase a lot
B. Increase a little
C. Stay about the same
D. Decrease a little
E. Decrease a lot","Do you think the number of legal immigrants the U.S. admits should
A. Increase a lot
B. Increase a little
C. Stay about the same
D. Decrease a little
E. Decrease a lot
F. Don't know"
RACESURV5a_W43,5,6,"Overall, how does being white affect people's ability to get ahead in our country these days?
A. Helps a lot
B. Helps a little
C. Neither helps nor hurts
D. Hurts a little
E. Hurts a lot","Overall, how does being white affect people's ability to get ahead in our country these days?
A. Helps a lot
B. Helps a little
C. Neither helps nor hurts
D. Hurts a little
E. Hurts a lot
F. Don't know"
RACESURV5b_W43,5,6,"Overall, how does being black affect people's ability to get ahead in our country these days?
A. Helps a lot
B. Helps a little
C. Neither helps nor hurts
D. Hurts a little
E. Hurts a lot","Overall, how does being black affect people's ability to get ahead in our country these days?
A. Helps a lot
B. Helps a little
C. Neither helps nor hurts
D. Hurts a little
E. Hurts a lot
F. Don't know"
RACESURV5c_W43,5,6,"Overall, how does being Hispanic affect people's ability to get ahead in our country these days?
A. Helps a lot
B. Helps a little
C. Neither helps nor hurts
D. Hurts a little
E. Hurts a lot","Overall, how does being Hispanic affect people's ability to get ahead in our country these days?
A. Helps a lot
B. Helps a little
C. Neither helps nor hurts
D. Hurts a little
E. Hurts a lot
F. Don't know"
RACESURV5d_W43,5,6,"Overall, how does being Asian affect people's ability to get ahead in our country these days?
A. Helps a lot
B. Helps a little
C. Neither helps nor hurts
D. Hurts a little
E. Hurts a lot","Overall, how does being Asian affect people's ability to get ahead in our country these days?
A. Helps a lot
B. Helps a little
C. Neither helps nor hurts
D. Hurts a little
E. Hurts a lot
F. Don't know"
RACESURV5e_W43,5,6,"Overall, how does being Native American affect people's ability to get ahead in our country these days?
A. Helps a lot
B. Helps a little
C. Neither helps nor hurts
D. Hurts a little
E. Hurts a lot","Overall, how does being Native American affect people's ability to get ahead in our country these days?
A. Helps a lot
B. Helps a little
C. Neither helps nor hurts
D. Hurts a little
E. Hurts a lot
F. Don't know"
RACESURV5f_W43,5,6,"Overall, how does being Jewish affect people's ability to get ahead in our country these days?
A. Helps a lot
B. Helps a little
C. Neither helps nor hurts
D. Hurts a little
E. Hurts a lot","Overall, how does being Jewish affect people's ability to get ahead in our country these days?
A. Helps a lot
B. Helps a little
C. Neither helps nor hurts
D. Hurts a little
E. Hurts a lot
F. Don't know"
RACESURV5g_W43,5,6,"Overall, how does being Muslim affect people's ability to get ahead in our country these days?
A. Helps a lot
B. Helps a little
C. Neither helps nor hurts
D. Hurts a little
E. Hurts a lot","Overall, how does being Muslim affect people's ability to get ahead in our country these days?
A. Helps a lot
B. Helps a little
C. Neither helps nor hurts
D. Hurts a little
E. Hurts a lot
F. Don't know"
RACESURV5h_W43,5,6,"Overall, how does being an evangelical Christian affect people's ability to get ahead in our country these days?
A. Helps a lot
B. Helps a little
C. Neither helps nor hurts
D. Hurts a little
E. Hurts a lot","Overall, how does being an evangelical Christian affect people's ability to get ahead in our country these days?
A. Helps a lot
B. Helps a little
C. Neither helps nor hurts
D. Hurts a little
E. Hurts a lot
F. Don't know"
RACESURV5i_W43,5,6,"Overall, how does being a man affect people's ability to get ahead in our country these days?
A. Helps a lot
B. Helps a little
C. Neither helps nor hurts
D. Hurts a little
E. Hurts a lot","Overall, how does being a man affect people's ability to get ahead in our country these days?
A. Helps a lot
B. Helps a little
C. Neither helps nor hurts
D. Hurts a little
E. Hurts a lot
F. Don't know"
RACESURV5j_W43,5,6,"Overall, how does being a woman affect people's ability to get ahead in our country these days?
A. Helps a lot
B. Helps a little
C. Neither helps nor hurts
D. Hurts a little
E. Hurts a lot","Overall, how does being a woman affect people's ability to get ahead in our country these days?
A. Helps a lot
B. Helps a little
C. Neither helps nor hurts
D. Hurts a little
E. Hurts a lot
F. Don't know"
RACESURV5k_W43,5,6,"Overall, how does being poor affect people's ability to get ahead in our country these days?
A. Helps a lot
B. Helps a little
C. Neither helps nor hurts
D. Hurts a little
E. Hurts a lot","Overall, how does being poor affect people's ability to get ahead in our country these days?
A. Helps a lot
B. Helps a little
C. Neither helps nor hurts
D. Hurts a little
E. Hurts a lot
F. Don't know"
RACESURV5l_W43,5,6,"Overall, how does being wealthy affect people's ability to get ahead in our country these days?
A. Helps a lot
B. Helps a little
C. Neither helps nor hurts
D. Hurts a little
E. Hurts a lot","Overall, how does being wealthy affect people's ability to get ahead in our country these days?
A. Helps a lot
B. Helps a little
C. Neither helps nor hurts
D. Hurts a little
E. Hurts a lot
F. Don't know"
ECON5_a_W54,5,6,"Do you think the country's current economic conditions are helping or hurting you and your family?
A. Helping a lot
B. Helping a little
C. Neither helping nor hurting
D. Hurting a little
E. Hurting a lot","Do you think the country's current economic conditions are helping or hurting you and your family?
A. Helping a lot
B. Helping a little
C. Neither helping nor hurting
D. Hurting a little
E. Hurting a lot
F. Don't know"
ECON5_b_W54,5,6,"Do you think the country's current economic conditions are helping or hurting people who are wealthy?
A. Helping a lot
B. Helping a little
C. Neither helping nor hurting
D. Hurting a little
E. Hurting a lot","Do you think the country's current economic conditions are helping or hurting people who are wealthy?
A. Helping a lot
B. Helping a little
C. Neither helping nor hurting
D. Hurting a little
E. Hurting a lot
F. Don't know"
ECON5_c_W54,5,6,"Do you think the country's current economic conditions are helping or hurting the middle class?
A. Helping a lot
B. Helping a little
C. Neither helping nor hurting
D. Hurting a little
E. Hurting a lot","Do you think the country's current economic conditions are helping or hurting the middle class?
A. Helping a lot
B. Helping a little
C. Neither helping nor hurting
D. Hurting a little
E. Hurting a lot
F. Don't know"
ECON5_d_W54,5,6,"Do you think the country's current economic conditions are helping or hurting people who are poor?
A. Helping a lot
B. Helping a little
C. Neither helping nor hurting
D. Hurting a little
E. Hurting a lot","Do you think the country's current economic conditions are helping or hurting people who are poor?
A. Helping a lot
B. Helping a little
C. Neither helping nor hurting
D. Hurting a little
E. Hurting a lot
F. Don't know"
ECON5_e_W54,5,6,"Do you think the country's current economic conditions are helping or hurting older adults?
A. Helping a lot
B. Helping a little
C. Neither helping nor hurting
D. Hurting a little
E. Hurting a lot","Do you think the country's current economic conditions are helping or hurting older adults?
A. Helping a lot
B. Helping a little
C. Neither helping nor hurting
D. Hurting a little
E. Hurting a lot
F. Don't know"
ECON5_f_W54,5,6,"Do you think the country's current economic conditions are helping or hurting young adults?
A. Helping a lot
B. Helping a little
C. Neither helping nor hurting
D. Hurting a little
E. Hurting a lot","Do you think the country's current economic conditions are helping or hurting young adults?
A. Helping a lot
B. Helping a little
C. Neither helping nor hurting
D. Hurting a little
E. Hurting a lot
F. Don't know"
ECON5_g_W54,5,6,"Do you think the country's current economic conditions are helping or hurting people who are white?
A. Helping a lot
B. Helping a little
C. Neither helping nor hurting
D. Hurting a little
E. Hurting a lot","Do you think the country's current economic conditions are helping or hurting people who are white?
A. Helping a lot
B. Helping a little
C. Neither helping nor hurting
D. Hurting a little
E. Hurting a lot
F. Don't know"
ECON5_h_W54,5,6,"Do you think the country's current economic conditions are helping or hurting people who are black?
A. Helping a lot
B. Helping a little
C. Neither helping nor hurting
D. Hurting a little
E. Hurting a lot","Do you think the country's current economic conditions are helping or hurting people who are black?
A. Helping a lot
B. Helping a little
C. Neither helping nor hurting
D. Hurting a little
E. Hurting a lot
F. Don't know"
ECON5_i_W54,5,6,"Do you think the country's current economic conditions are helping or hurting people who are Hispanic?
A. Helping a lot
B. Helping a little
C. Neither helping nor hurting
D. Hurting a little
E. Hurting a lot","Do you think the country's current economic conditions are helping or hurting people who are Hispanic?
A. Helping a lot
B. Helping a little
C. Neither helping nor hurting
D. Hurting a little
E. Hurting a lot
F. Don't know"
ECON5_j_W54,5,6,"Do you think the country's current economic conditions are helping or hurting people without college degrees?
A. Helping a lot
B. Helping a little
C. Neither helping nor hurting
D. Hurting a little
E. Hurting a lot","Do you think the country's current economic conditions are helping or hurting people without college degrees?
A. Helping a lot
B. Helping a little
C. Neither helping nor hurting
D. Hurting a little
E. Hurting a lot
F. Don't know"
ECON5_k_W54,5,6,"Do you think the country's current economic conditions are helping or hurting people with college degrees?
A. Helping a lot
B. Helping a little
C. Neither helping nor hurting
D. Hurting a little
E. Hurting a lot","Do you think the country's current economic conditions are helping or hurting people with college degrees?
A. Helping a lot
B. Helping a little
C. Neither helping nor hurting
D. Hurting a little
E. Hurting a lot
F. Don't know"
RACESURV34a_W43,5,6,"Overall, how much has being white/Being black/Being Hispanic/Being Asian/Your racial background helped or hurt your ability to get ahead?
A. Helped a lot
B. Helped a little
C. Neither helped nor hurt
D. Hurt a little
E. Hurt a lot","Overall, how much has being white/Being black/Being Hispanic/Being Asian/Your racial background helped or hurt your ability to get ahead?
A. Helped a lot
B. Helped a little
C. Neither helped nor hurt
D. Hurt a little
E. Hurt a lot
F. Don't know"
RACESURV34b_W43,5,6,"Overall, how much has being a man/Being a woman/Your gender helped or hurt your ability to get ahead?
A. Helped a lot
B. Helped a little
C. Neither helped nor hurt
D. Hurt a little
E. Hurt a lot","Overall, how much has being a man/Being a woman/Your gender helped or hurt your ability to get ahead?
A. Helped a lot
B. Helped a little
C. Neither helped nor hurt
D. Hurt a little
E. Hurt a lot
F. Don't know"
RACESURV34c_W43,5,6,"Overall, how much has your family's financial situation when you were growing up helped or hurt your ability to get ahead?
A. Helped a lot
B. Helped a little
C. Neither helped nor hurt
D. Hurt a little
E. Hurt a lot","Overall, how much has your family's financial situation when you were growing up helped or hurt your ability to get ahead?
A. Helped a lot
B. Helped a little
C. Neither helped nor hurt
D. Hurt a little
E. Hurt a lot
F. Don't know"
RACESURV34d_W43,5,6,"Overall, how much has how hard you've worked helped or hurt your ability to get ahead?
A. Helped a lot
B. Helped a little
C. Neither helped nor hurt
D. Hurt a little
E. Hurt a lot","Overall, how much has how hard you've worked helped or hurt your ability to get ahead?
A. Helped a lot
B. Helped a little
C. Neither helped nor hurt
D. Hurt a little
E. Hurt a lot
F. Don't know"
RACESURV34e_W43,5,6,"Overall, how much has the people you know helped or hurt your ability to get ahead?
A. Helped a lot
B. Helped a little
C. Neither helped nor hurt
D. Hurt a little
E. Hurt a lot","Overall, how much has the people you know helped or hurt your ability to get ahead?
A. Helped a lot
B. Helped a little
C. Neither helped nor hurt
D. Hurt a little
E. Hurt a lot
F. Don't know"
ROBWRK_W41,5,6,"Overall, how likely do you think it is that 30 years from now robots and computers will do much of the work currently done by humans? Do you think this will
A. Definitely happen
B. Probably happen
C. May or may not happen
D. Probably not happen
E. Definitely not happen","Overall, how likely do you think it is that 30 years from now robots and computers will do much of the work currently done by humans? Do you think this will
A. Definitely happen
B. Probably happen
C. May or may not happen
D. Probably not happen
E. Definitely not happen
F. Don't know"
AUTOLKLY_W41,5,6,"Within the next 30 years, how likely do you think it is that the type of work that you do will be done by robots or computers? Do you think this will
A. Definitely happen
B. Probably happen
C. May or may not happen
D. Probably not happen
E. Definitely not happen","Within the next 30 years, how likely do you think it is that the type of work that you do will be done by robots or computers? Do you think this will
A. Definitely happen
B. Probably happen
C. May or may not happen
D. Probably not happen
E. Definitely not happen
F. Don't know"
RACESURV9_W43,5,6,"When race or race relations comes up in your conversations with family and friends, is it
A. Always with people who are the same race as you
B. Mostly with people who are the same race as you
C. Both about equally
D. Mostly with people who are not the same race as you
E. Always with people who are not the same race as you","When race or race relations comes up in your conversations with family and friends, is it
A. Always with people who are the same race as you
B. Mostly with people who are the same race as you
C. Both about equally
D. Mostly with people who are not the same race as you
E. Always with people who are not the same race as you
F. Don't know"
TRACKCO1a_W49,5,6,"As far as you know, how much of what you do online or on your cellphone is being tracked by advertisers, technology firms or other companies?
A. All or almost all of it
B. Most of it
C. Some of it
D. Very little of it
E. None of it","As far as you know, how much of what you do online or on your cellphone is being tracked by advertisers, technology firms or other companies?
A. All or almost all of it
B. Most of it
C. Some of it
D. Very little of it
E. None of it
F. Don't know"
TRACKCO1b_W49,5,6,"As far as you know, how much of what you do offline like where you are or who you are talking to is being tracked by advertisers, technology firms or other companies?
A. All or almost all of it
B. Most of it
C. Some of it
D. Very little of it
E. None of it","As far as you know, how much of what you do offline like where you are or who you are talking to is being tracked by advertisers, technology firms or other companies?
A. All or almost all of it
B. Most of it
C. Some of it
D. Very little of it
E. None of it
F. Don't know"
TRACKGOV1a_W49,5,6,"As far as you know, how much of what you do online or on your cellphone is being tracked by the government?
A. All or almost all of it
B. Most of it
C. Some of it
D. Very little of it
E. None of it","As far as you know, how much of what you do online or on your cellphone is being tracked by the government?
A. All or almost all of it
B. Most of it
C. Some of it
D. Very little of it
E. None of it
F. Don't know"
TRACKGOV1b_W49,5,6,"As far as you know, how much of what you do offline like where you are or who you are talking to is being tracked by the government?
A. All or almost all of it
B. Most of it
C. Some of it
D. Very little of it
E. None of it","As far as you know, how much of what you do offline like where you are or who you are talking to is being tracked by the government?
A. All or almost all of it
B. Most of it
C. Some of it
D. Very little of it
E. None of it
F. Don't know"
NEIGHSAMEA_W32,5,6,"As far as you know, how many of your neighbors are the same race or ethnicity as you
A. All of them
B. Most of them
C. About half
D. Only some of them
E. None of them","As far as you know, how many of your neighbors are the same race or ethnicity as you
A. All of them
B. Most of them
C. About half
D. Only some of them
E. None of them
F. Don't know"
NEIGHSAMEB_W32,5,6,"As far as you know, how many of your neighbors are the same social class as you
A. All of them
B. Most of them
C. About half
D. Only some of them
E. None of them","As far as you know, how many of your neighbors are the same social class as you
A. All of them
B. Most of them
C. About half
D. Only some of them
E. None of them
F. Don't know"
NEIGHSAMEC_W32,5,6,"As far as you know, how many of your neighbors have the same political views as you
A. All of them
B. Most of them
C. About half
D. Only some of them
E. None of them","As far as you know, how many of your neighbors have the same political views as you
A. All of them
B. Most of them
C. About half
D. Only some of them
E. None of them
F. Don't know"
SOLVPROBa_W41,5,6,"In the future, what kind of an impact do you think science and technology will have in solving the biggest problems facing the country?
A. A very positive impact
B. A somewhat positive impact
C. Neither a positive nor negative impact
D. A somewhat negative impact
E. A very negative impact","In the future, what kind of an impact do you think science and technology will have in solving the biggest problems facing the country?
A. A very positive impact
B. A somewhat positive impact
C. Neither a positive nor negative impact
D. A somewhat negative impact
E. A very negative impact
F. Don't know"
SOLVPROBb_W41,5,6,"In the future, what kind of an impact do you think major corporations will have in solving the biggest problems facing the country?
A. A very positive impact
B. A somewhat positive impact
C. Neither a positive nor negative impact
D. A somewhat negative impact
E. A very negative impact","In the future, what kind of an impact do you think major corporations will have in solving the biggest problems facing the country?
A. A very positive impact
B. A somewhat positive impact
C. Neither a positive nor negative impact
D. A somewhat negative impact
E. A very negative impact
F. Don't know"
SOLVPROBc_W41,5,6,"In the future, what kind of an impact do you think religious groups will have in solving the biggest problems facing the country?
A. A very positive impact
B. A somewhat positive impact
C. Neither a positive nor negative impact
D. A somewhat negative impact
E. A very negative impact","In the future, what kind of an impact do you think religious groups will have in solving the biggest problems facing the country?
A. A very positive impact
B. A somewhat positive impact
C. Neither a positive nor negative impact
D. A somewhat negative impact
E. A very negative impact
F. Don't know"
SOLVPROBdF1_W41,5,6,"In the future, what kind of an impact do you think the government in Washington will have in solving the biggest problems facing the country?
A. A very positive impact
B. A somewhat positive impact
C. Neither a positive nor negative impact
D. A somewhat negative impact
E. A very negative impact","In the future, what kind of an impact do you think the government in Washington will have in solving the biggest problems facing the country?
A. A very positive impact
B. A somewhat positive impact
C. Neither a positive nor negative impact
D. A somewhat negative impact
E. A very negative impact
F. Don't know"
SOLVPROBeF2_W41,5,6,"In the future, what kind of an impact do you think state and local government will have in solving the biggest problems facing the country?
A. A very positive impact
B. A somewhat positive impact
C. Neither a positive nor negative impact
D. A somewhat negative impact
E. A very negative impact","In the future, what kind of an impact do you think state and local government will have in solving the biggest problems facing the country?
A. A very positive impact
B. A somewhat positive impact
C. Neither a positive nor negative impact
D. A somewhat negative impact
E. A very negative impact
F. Don't know"
SOLVPROBf_W41,5,6,"In the future, what kind of an impact do you think the news media will have in solving the biggest problems facing the country?
A. A very positive impact
B. A somewhat positive impact
C. Neither a positive nor negative impact
D. A somewhat negative impact
E. A very negative impact","In the future, what kind of an impact do you think the news media will have in solving the biggest problems facing the country?
A. A very positive impact
B. A somewhat positive impact
C. Neither a positive nor negative impact
D. A somewhat negative impact
E. A very negative impact
F. Don't know"
SOLVPROBg_W41,5,6,"In the future, what kind of an impact do you think the military will have in solving the biggest problems facing the country?
A. A very positive impact
B. A somewhat positive impact
C. Neither a positive nor negative impact
D. A somewhat negative impact
E. A very negative impact","In the future, what kind of an impact do you think the military will have in solving the biggest problems facing the country?
A. A very positive impact
B. A somewhat positive impact
C. Neither a positive nor negative impact
D. A somewhat negative impact
E. A very negative impact
F. Don't know"
SOLVPROBh_W41,5,6,"In the future, what kind of an impact do you think colleges and universities will have in solving the biggest problems facing the country?
A. A very positive impact
B. A somewhat positive impact
C. Neither a positive nor negative impact
D. A somewhat negative impact
E. A very negative impact","In the future, what kind of an impact do you think colleges and universities will have in solving the biggest problems facing the country?
A. A very positive impact
B. A somewhat positive impact
C. Neither a positive nor negative impact
D. A somewhat negative impact
E. A very negative impact
F. Don't know"
SOLVPROBi_W41,5,6,"In the future, what kind of an impact do you think public K-12 schools will have in solving the biggest problems facing the country?
A. A very positive impact
B. A somewhat positive impact
C. Neither a positive nor negative impact
D. A somewhat negative impact
E. A very negative impact","In the future, what kind of an impact do you think public K-12 schools will have in solving the biggest problems facing the country?
A. A very positive impact
B. A somewhat positive impact
C. Neither a positive nor negative impact
D. A somewhat negative impact
E. A very negative impact
F. Don't know"
ETHNCMAJMOD_W41,5,6,"According to the U.S. Census Bureau, by the year 2050, a majority of the population will be made up of blacks, Asians, Hispanics, and other racial minorities. In terms of its impact on the country, do you think this will be
A. A very good thing
B. A somewhat good thing
C. Neither a good nor bad thing
D. A somewhat bad thing
E. A very bad thing","According to the U.S. Census Bureau, by the year 2050, a majority of the population will be made up of blacks, Asians, Hispanics, and other racial minorities. In terms of its impact on the country, do you think this will be
A. A very good thing
B. A somewhat good thing
C. Neither a good nor bad thing
D. A somewhat bad thing
E. A very bad thing
F. Don't know"
AGEMAJ_W41,5,6,"According to the U.S. Census Bureau, by the year 2050, the number of people in the population who are 65 or older will outnumber people younger than 18. In terms of its impact on the country, do you think this will be
A. A very good thing
B. A somewhat good thing
C. Neither a good nor bad thing
D. A somewhat bad thing
E. A very bad thing","According to the U.S. Census Bureau, by the year 2050, the number of people in the population who are 65 or older will outnumber people younger than 18. In terms of its impact on the country, do you think this will be
A. A very good thing
B. A somewhat good thing
C. Neither a good nor bad thing
D. A somewhat bad thing
E. A very bad thing
F. Don't know"
INTRMAR_W41,5,6,"According to the U.S. Census Bureau, more people of different races are marrying each other these days than in the past. In terms of its impact on the country, do you think this is
A. A very good thing
B. A somewhat good thing
C. Neither a good nor bad thing
D. A somewhat bad thing
E. A very bad thing","According to the U.S. Census Bureau, more people of different races are marrying each other these days than in the past. In terms of its impact on the country, do you think this is
A. A very good thing
B. A somewhat good thing
C. Neither a good nor bad thing
D. A somewhat bad thing
E. A very bad thing
F. Don't know"
ROBWRK2_W41,5,6,"If robots and computers do much of the work currently done by humans, do you think this would be
A. A very good thing for the country
B. A somewhat good thing for the country
C. Neither a good nor bad thing for the country
D. A somewhat bad thing for the country
E. A very bad thing for the country","If robots and computers do much of the work currently done by humans, do you think this would be
A. A very good thing for the country
B. A somewhat good thing for the country
C. Neither a good nor bad thing for the country
D. A somewhat bad thing for the country
E. A very bad thing for the country
F. Don't know"
GAP21Q32_W82,5,6,"Now that Joe Biden is president, do you think other countries view the U.S
A. A lot more positively
B. A little more positively
C. Neither positively nor negatively
D. A little more negatively
E. A lot more negatively","Now that Joe Biden is president, do you think other countries view the U.S
A. A lot more positively
B. A little more positively
C. Neither positively nor negatively
D. A little more negatively
E. A lot more negatively
F. Don't know"
UNIMMIGCOMM_W92,5,6,"When it comes to people who have immigrated to the U.S illegally, do you think they generally make the communities they live in
A. A lot better
B. A little better
C. Neither better nor worse
D. A little worse
E. A lot worse","When it comes to people who have immigrated to the U.S illegally, do you think they generally make the communities they live in
A. A lot better
B. A little better
C. Neither better nor worse
D. A little worse
E. A lot worse
F. Don't know"
SATLIFEa_W50,5,6,"Please tell us whether you are satisfied or dissatisfied with your family life.
A. Very satisfied
B. Somewhat satisfied
C. Neither satisfied nor dissatisfied
D. Somewhat dissatisfied
E. Very dissatisfied","Please tell us whether you are satisfied or dissatisfied with your family life.
A. Very satisfied
B. Somewhat satisfied
C. Neither satisfied nor dissatisfied
D. Somewhat dissatisfied
E. Very dissatisfied
F. Don't know"
SATLIFEb_W50,5,6,"Please tell us whether you are satisfied or dissatisfied with your social life.
A. Very satisfied
B. Somewhat satisfied
C. Neither satisfied nor dissatisfied
D. Somewhat dissatisfied
E. Very dissatisfied","Please tell us whether you are satisfied or dissatisfied with your social life.
A. Very satisfied
B. Somewhat satisfied
C. Neither satisfied nor dissatisfied
D. Somewhat dissatisfied
E. Very dissatisfied
F. Don't know"
SATLIFEc_W50,5,6,"Please tell us whether you are satisfied or dissatisfied with your personal financial situation.
A. Very satisfied
B. Somewhat satisfied
C. Neither satisfied nor dissatisfied
D. Somewhat dissatisfied
E. Very dissatisfied","Please tell us whether you are satisfied or dissatisfied with your personal financial situation.
A. Very satisfied
B. Somewhat satisfied
C. Neither satisfied nor dissatisfied
D. Somewhat dissatisfied
E. Very dissatisfied
F. Don't know"
SATLIFEd_W50,5,6,"Please tell us whether you are satisfied or dissatisfied with your current job or career.
A. Very satisfied
B. Somewhat satisfied
C. Neither satisfied nor dissatisfied
D. Somewhat dissatisfied
E. Very dissatisfied","Please tell us whether you are satisfied or dissatisfied with your current job or career.
A. Very satisfied
B. Somewhat satisfied
C. Neither satisfied nor dissatisfied
D. Somewhat dissatisfied
E. Very dissatisfied
F. Don't know"
FAMSURV32a_W50,5,6,"How do you feel about the way household chores are divided between you and your spouse/partner?
A. Very satisfied
B. Somewhat satisfied
C. Neither satisfied nor dissatisfied
D. Somewhat dissatisfied
E. Very dissatisfied","How do you feel about the way household chores are divided between you and your spouse/partner?
A. Very satisfied
B. Somewhat satisfied
C. Neither satisfied nor dissatisfied
D. Somewhat dissatisfied
E. Very dissatisfied
F. Don't know"
FAMSURV32b_W50,5,6,"How do you feel about your sex life?
A. Very satisfied
B. Somewhat satisfied
C. Neither satisfied nor dissatisfied
D. Somewhat dissatisfied
E. Very dissatisfied","How do you feel about your sex life?
A. Very satisfied
B. Somewhat satisfied
C. Neither satisfied nor dissatisfied
D. Somewhat dissatisfied
E. Very dissatisfied
F. Don't know"
FAMSURV32c_W50,5,6,"How do you feel about how well you and your spouse/partner communicate with each other?
A. Very satisfied
B. Somewhat satisfied
C. Neither satisfied nor dissatisfied
D. Somewhat dissatisfied
E. Very dissatisfied","How do you feel about how well you and your spouse/partner communicate with each other?
A. Very satisfied
B. Somewhat satisfied
C. Neither satisfied nor dissatisfied
D. Somewhat dissatisfied
E. Very dissatisfied
F. Don't know"
FAMSURV32d_W50,5,6,"How do you feel about how well your spouse/partner balances work and their personal life?
A. Very satisfied
B. Somewhat satisfied
C. Neither satisfied nor dissatisfied
D. Somewhat dissatisfied
E. Very dissatisfied","How do you feel about how well your spouse/partner balances work and their personal life?
A. Very satisfied
B. Somewhat satisfied
C. Neither satisfied nor dissatisfied
D. Somewhat dissatisfied
E. Very dissatisfied
F. Don't know"
FAMSURV32e_W50,5,6,"How do you feel about your spouse's/partner's approach to parenting?
A. Very satisfied
B. Somewhat satisfied
C. Neither satisfied nor dissatisfied
D. Somewhat dissatisfied
E. Very dissatisfied","How do you feel about your spouse's/partner's approach to parenting?
A. Very satisfied
B. Somewhat satisfied
C. Neither satisfied nor dissatisfied
D. Somewhat dissatisfied
E. Very dissatisfied
F. Don't know"
SATLIFEA_W32,5,6,"Please tell us whether you are satisfied or dissatisfied with your family life.
A. Very satisfied
B. Somewhat satisfied
C. Neither satisfied nor dissatisfied
D. Somewhat dissatisfied
E. Very dissatisfied","Please tell us whether you are satisfied or dissatisfied with your family life.
A. Very satisfied
B. Somewhat satisfied
C. Neither satisfied nor dissatisfied
D. Somewhat dissatisfied
E. Very dissatisfied
F. Don't know"
SATLIFEB_W32,5,6,"Please tell us whether you are satisfied or dissatisfied with your social life.
A. Very satisfied
B. Somewhat satisfied
C. Neither satisfied nor dissatisfied
D. Somewhat dissatisfied
E. Very dissatisfied","Please tell us whether you are satisfied or dissatisfied with your social life.
A. Very satisfied
B. Somewhat satisfied
C. Neither satisfied nor dissatisfied
D. Somewhat dissatisfied
E. Very dissatisfied
F. Don't know"
SATLIFEC_W32,5,6,"Please tell us whether you are satisfied or dissatisfied with your personal financial situation.
A. Very satisfied
B. Somewhat satisfied
C. Neither satisfied nor dissatisfied
D. Somewhat dissatisfied
E. Very dissatisfied","Please tell us whether you are satisfied or dissatisfied with your personal financial situation.
A. Very satisfied
B. Somewhat satisfied
C. Neither satisfied nor dissatisfied
D. Somewhat dissatisfied
E. Very dissatisfied
F. Don't know"
SATLIFED_W32,5,6,"Please tell us whether you are satisfied or dissatisfied with your current job or career.
A. Very satisfied
B. Somewhat satisfied
C. Neither satisfied nor dissatisfied
D. Somewhat dissatisfied
E. Very dissatisfied","Please tell us whether you are satisfied or dissatisfied with your current job or career.
A. Very satisfied
B. Somewhat satisfied
C. Neither satisfied nor dissatisfied
D. Somewhat dissatisfied
E. Very dissatisfied
F. Don't know"
SATLIFEE_W32,5,6,"Please tell us whether you are satisfied or dissatisfied with the quality of life in your local community.
A. Very satisfied
B. Somewhat satisfied
C. Neither satisfied nor dissatisfied
D. Somewhat dissatisfied
E. Very dissatisfied","Please tell us whether you are satisfied or dissatisfied with the quality of life in your local community.
A. Very satisfied
B. Somewhat satisfied
C. Neither satisfied nor dissatisfied
D. Somewhat dissatisfied
E. Very dissatisfied
F. Don't know"
GAP21Q3_W82,5,6,"How satisfied are you with the way democracy is working in the US?
A. Very satisfied
B. Somewhat satisfied
C. Neither satisfied nor dissatisfied
D. Not too satisfied
E. Not at all satisfied","How satisfied are you with the way democracy is working in the US?
A. Very satisfied
B. Somewhat satisfied
C. Neither satisfied nor dissatisfied
D. Not too satisfied
E. Not at all satisfied
F. Don't know"
GAP21Q4_a_W82,5,6,"Do you have a favorable or unfavorable opinion of the United States
A. Very favorable
B. Somewhat favorable
C. Neither favorable nor unfavorable
D. Somewhat unfavorable
E. Very unfavorable","Do you have a favorable or unfavorable opinion of the United States
A. Very favorable
B. Somewhat favorable
C. Neither favorable nor unfavorable
D. Somewhat unfavorable
E. Very unfavorable
F. Don't know"
GAP21Q4_b_W82,5,6,"Do you have a favorable or unfavorable opinion of China
A. Very favorable
B. Somewhat favorable
C. Neither favorable nor unfavorable
D. Somewhat unfavorable
E. Very unfavorable","Do you have a favorable or unfavorable opinion of China
A. Very favorable
B. Somewhat favorable
C. Neither favorable nor unfavorable
D. Somewhat unfavorable
E. Very unfavorable
F. Don't know"
GAP21Q4_c_W82,5,6,"Do you have a favorable or unfavorable opinion of Germany
A. Very favorable
B. Somewhat favorable
C. Neither favorable nor unfavorable
D. Somewhat unfavorable
E. Very unfavorable","Do you have a favorable or unfavorable opinion of Germany
A. Very favorable
B. Somewhat favorable
C. Neither favorable nor unfavorable
D. Somewhat unfavorable
E. Very unfavorable
F. Don't know"
GAP21Q4_d_W82,5,6,"Do you have a favorable or unfavorable opinion of the European Union
A. Very favorable
B. Somewhat favorable
C. Neither favorable nor unfavorable
D. Somewhat unfavorable
E. Very unfavorable","Do you have a favorable or unfavorable opinion of the European Union
A. Very favorable
B. Somewhat favorable
C. Neither favorable nor unfavorable
D. Somewhat unfavorable
E. Very unfavorable
F. Don't know"
GAP21Q4_e_W82,5,6,"Do you have a favorable or unfavorable opinion of the United Nations
A. Very favorable
B. Somewhat favorable
C. Neither favorable nor unfavorable
D. Somewhat unfavorable
E. Very unfavorable","Do you have a favorable or unfavorable opinion of the United Nations
A. Very favorable
B. Somewhat favorable
C. Neither favorable nor unfavorable
D. Somewhat unfavorable
E. Very unfavorable
F. Don't know"
GAP21Q4_f_W82,5,6,"Do you have a favorable or unfavorable opinion of nato, that is, North Atlantic Treaty Organization
A. Very favorable
B. Somewhat favorable
C. Neither favorable nor unfavorable
D. Somewhat unfavorable
E. Very unfavorable","Do you have a favorable or unfavorable opinion of nato, that is, North Atlantic Treaty Organization
A. Very favorable
B. Somewhat favorable
C. Neither favorable nor unfavorable
D. Somewhat unfavorable
E. Very unfavorable
F. Don't know"
FAMSURV6_W50,5,6,"How do you feel about allowing unmarried couples to enter into legal agreements that would give them the same rights as married couples when it comes to things like health insurance, inheritance or tax benefits?
A. Strongly favor
B. Somewhat favor
C. Neither favor nor oppose
D. Somewhat oppose
E. Strongly oppose","How do you feel about allowing unmarried couples to enter into legal agreements that would give them the same rights as married couples when it comes to things like health insurance, inheritance or tax benefits?
A. Strongly favor
B. Somewhat favor
C. Neither favor nor oppose
D. Somewhat oppose
E. Strongly oppose
F. Don't know"
FREECOLL_W92,5,6,"Would you favor or oppose making tuition at public colleges and universities free for all American students?
A. Strongly favor
B. Somewhat favor
C. Neither favor nor oppose
D. Somewhat oppose
E. Strongly oppose","Would you favor or oppose making tuition at public colleges and universities free for all American students?
A. Strongly favor
B. Somewhat favor
C. Neither favor nor oppose
D. Somewhat oppose
E. Strongly oppose
F. Don't know"
CARS9A_W27,5,6,"Would you strongly favor, favor, oppose, or strongly oppose the following rules and regulations for driverless vehicles? Requiring them to travel in dedicated lanes
A. Strongly favor
B. Favor
C. Neither favor nor oppose
D. Oppose
E. Strongly oppose","Would you strongly favor, favor, oppose, or strongly oppose the following rules and regulations for driverless vehicles? Requiring them to travel in dedicated lanes
A. Strongly favor
B. Favor
C. Neither favor nor oppose
D. Oppose
E. Strongly oppose
F. Don't know"
CARS9B_W27,5,6,"Would you strongly favor, favor, oppose, or strongly oppose the following rules and regulations for driverless vehicles? Restricting them from traveling near certain areas, such as schools
A. Strongly favor
B. Favor
C. Neither favor nor oppose
D. Oppose
E. Strongly oppose","Would you strongly favor, favor, oppose, or strongly oppose the following rules and regulations for driverless vehicles? Restricting them from traveling near certain areas, such as schools
A. Strongly favor
B. Favor
C. Neither favor nor oppose
D. Oppose
E. Strongly oppose
F. Don't know"
CARS9C_W27,5,6,"Would you strongly favor, favor, oppose, or strongly oppose the following rules and regulations for driverless vehicles? Requiring them to have a person in the driver's seat who could take control in an emergency situation
A. Strongly favor
B. Favor
C. Neither favor nor oppose
D. Oppose
E. Strongly oppose","Would you strongly favor, favor, oppose, or strongly oppose the following rules and regulations for driverless vehicles? Requiring them to have a person in the driver's seat who could take control in an emergency situation
A. Strongly favor
B. Favor
C. Neither favor nor oppose
D. Oppose
E. Strongly oppose
F. Don't know"
ROBJOB5B_W27,5,6,"Would you favor or oppose the following? If robots and computers were mostly limited to doing jobs that are dangerous or unhealthy for humans to do
A. Strongly favor
B. Favor
C. Neither favor nor oppose
D. Oppose
E. Strongly oppose","Would you favor or oppose the following? If robots and computers were mostly limited to doing jobs that are dangerous or unhealthy for humans to do
A. Strongly favor
B. Favor
C. Neither favor nor oppose
D. Oppose
E. Strongly oppose
F. Don't know"
ROBJOB5C_W27,5,6,"Would you favor or oppose the following? If people had the option of paying extra to interact with a human, rather than a robot or computer, when buying a product or service
A. Strongly favor
B. Favor
C. Neither favor nor oppose
D. Oppose
E. Strongly oppose","Would you favor or oppose the following? If people had the option of paying extra to interact with a human, rather than a robot or computer, when buying a product or service
A. Strongly favor
B. Favor
C. Neither favor nor oppose
D. Oppose
E. Strongly oppose
F. Don't know"
ROBJOB5D_W27,5,6,"Would you favor or oppose the following? If the federal government created a national service program that paid people to perform tasks even if a robot or computer could do those tasks faster or cheaper
A. Strongly favor
B. Favor
C. Neither favor nor oppose
D. Oppose
E. Strongly oppose","Would you favor or oppose the following? If the federal government created a national service program that paid people to perform tasks even if a robot or computer could do those tasks faster or cheaper
A. Strongly favor
B. Favor
C. Neither favor nor oppose
D. Oppose
E. Strongly oppose
F. Don't know"
HOOD_NHISA_W29,5,6,"How much do you agree or disagree with the following statements about your neighborhood? There are people I can count on in this neighborhood
A. Definitely agree
B. Somewhat agree
C. Neither agree nor disagree
D. Somewhat disagree
E. Definitely disagree","How much do you agree or disagree with the following statements about your neighborhood? There are people I can count on in this neighborhood
A. Definitely agree
B. Somewhat agree
C. Neither agree nor disagree
D. Somewhat disagree
E. Definitely disagree
F. Don't know"
HOOD_NHISB_W29,5,6,"How much do you agree or disagree with the following statements about your neighborhood? People in this neighborhood can be trusted
A. Definitely agree
B. Somewhat agree
C. Neither agree nor disagree
D. Somewhat disagree
E. Definitely disagree","How much do you agree or disagree with the following statements about your neighborhood? People in this neighborhood can be trusted
A. Definitely agree
B. Somewhat agree
C. Neither agree nor disagree
D. Somewhat disagree
E. Definitely disagree
F. Don't know"
HOOD_NHISC_W29,5,6,"How much do you agree or disagree with the following statements about your neighborhood? This is a close-knit neighborhood
A. Definitely agree
B. Somewhat agree
C. Neither agree nor disagree
D. Somewhat disagree
E. Definitely disagree","How much do you agree or disagree with the following statements about your neighborhood? This is a close-knit neighborhood
A. Definitely agree
B. Somewhat agree
C. Neither agree nor disagree
D. Somewhat disagree
E. Definitely disagree
F. Don't know"
